0	태교
1	태교 종류 방법
2	태교 음악 클래식 이유
3	태담 방법
4	아빠 태담 더 잘 전달되는 이유
5	미술태교
6	조선시대 태교
7	베트남 반미
8	반미 홍콩 언론
9	반미 베트남 주식
10	베트남 프랑스 빵
11	반미 바게트 차이
12	반미 속재료
13	느억맘 소스
14	반미 고수 빼고
15	항공 승객 동반 반려동물 수
17	안정제 멀미약 강아지 항공기 탑승
18	반려동물 기내 동반 탑승 운송 용기 규정
19	티웨이항공 기내 동반 탑승 반려동물 무게 규정
20	기내 동반 탑승 반려동물 운송 용기 보관
21	미국 캐나다 한국 개 입양
22	외국 대형견 선호
23	동물 이동봉사
24	인스피리언스족
25	인스피리언스족
26	인스피리언스족 소비패턴
27	인스피리언스족 집순이
28	다이어트 서비스
29	강아지 귓병 증상
30	강아지 외이염 비율
31	강아지 외이염 원인
32	강아지 귀지 세균 곰팡이 증식
33	강아지 외이염 치료
34	강아지 외이염 약 기간
35	강아지 외이염 예방법
36	강아지 귀 청소 방법
37	예방점종 효과
38	어린이용 무료 백신
39	BCG 백신
40	A형 간염 예방접종
41	A형 간염 예방접종
42	간염 종류
43	B형 간염 예방접종상
44	B형 간염 예방접종
45	백신 없는 간염
46	내성발톱
47	내성발톱 초기 대처
48	내성발톱 원인
49	발톱깎기 내성발톱
50	내성발톱 원인
51	내성발톱 치료
52	내성발톱 통증
53	내성발톱 대처
54	코코넛 오일 효능
55	코코넛 오일 단점
56	코코넛 오일 실체
57	코코넛 오일 유명
58	중간 사슬 지방
59	코코넛 오일 활용법
60	방탄커피 레시피
61	방탄커피 주의사항
62	고양이 물 안 마시는 이유
63	집고양이 수분 섭취
64	고양이 음수량 늘리는 법
65	고양이 음수량 늘리는 법
66	고양이 구강관리
67	고양이 양치 시기
68	고양이 양치방법
69	고양이 양치 구토
70	고양이 가글
71	강남 성동구
72	송파구 분리 시기
73	성동구 편성
74	경성부 서울시 이름 선포
75	서울시 행정구
76	서울 외국인 인구
77	외국인 생활인구 행정동
78	서울 외국인주민 연령대
79	혈액암 종류
80	급성 백혈병
81	급성 백혈병 증상
82	급성백혈병 사망
83	악성 림프종
84	림프종 원인
85	악성림프종 환자 통계
86	다발 골수증
87	런닝맨 미국 주식 시장 모의 투자
88	런닝맨 테슬라 폭등
89	전기차 분야 수익률
90	국내 증시 하락
92	인플레이션 주식 약세
93	스태그플레이션
95	청약통장
96	청약통장 가입기간 만점
97	청약통장 매달 10만원
98	청약 당첨 포기 제한
99	청약통장 상속 증여
100	청약통장 미성년자 자녀
101	고액 자산가 국채 매수
103	채권
104	장기 국채 매수 원인
105	금리 채권 관계
106	기준 금리 채권 금리
107	채권 안정성 수익률
108	채권 증권사 거래
109	익스트림 스포츠
110	번지점프 대 높이
111	한국 번지점프
113	국내 패러글라이딩 명소
114	해외 패러글라이딩 명소
115	패러글라이딩 입문
116	패러글라이딩 위험성
117	환율
118	고정 환율제
119	고정 환율제 장점
120	고정 환율제 단점
121	변동 환율제
122	변동 환율제 장점
123	변동 환율제 단점
124	대부분 국가 관리변동환율제도
125	다누리 호 발사
126	다누리 호 크기
127	다누리 발사
128	다누리 달 임무
129	다누리 달 착륙
131	다누리 달 궤도 도착
132	다누리 탄도형 달 전이방식
136	코픽스 주택담보대출 금리
139	금리인하요구권
140	금리인하요구권 행사 입증
141	집고양이 수명
142	펫로스 증후군
143	우리나라 펫로스
144	반려동물 죽음 정신적 충격
145	펫로스증후군 기간
146	펫로스증후군 치료 방법
147	펫로스증후군 극복 방법
148	우리나라 펫로스증후군 제도
149	반려동물 장례식 펫로스증후군 도움
150	등산 준비물
151	등산화 고르는 법
152	등산화 고르는 기준
153	등산화 분류 기준
154	등산 스틱 필요성
155	등산 준비물
156	등산 주의점
157	그릭요거트 건강
158	그릭요거트 단백질
159	그릭요거트 만들기
160	그릭요거트 만들기 밥솥
162	풀무원다논 그릭요거트
163	그릭요거트 무라벨
164	그릭요거트 체중
165	종합부동산세 감세
166	종부세
167	종부세 공제금액
168	올해 한시 1주택자 14억 공제
169	다주택자 종부세율
170	부동산 세제 개편 세금 수억 원
171	추가 매수 가능성
172	추가 매수 가능성 주택 가격
173	암흑 물질
174	암흑물질 정체 확인
175	암흑물질
176	액시온
177	암흑 에너지
178	슈뢰딩거 고양이
179	반물질
180	아스파라거스 제철
181	아스파라거스 효능
182	아스파라거스 루테인
183	아스파라거스 궁합 좋은 음식
184	아스파라거스 화
185	아스파라거스 술
186	아스파라거스 질김
187	아스파라거스 주의사항
188	삼성 LG 무선청소기 가격
189	LG오브제 컬렉션 삼성 비스포크제트 먼지 터는 방법
190	삼성 비스포크제트 먼지 비움 방식
191	LG오브제 컬렉션 삼성 비스포크제트 디자인
192	LG오브제 컬렉션 삼성 비스포크제트 보관대
193	LG오브제 컬렉션 삼성 비스포크제트 물걸레 청소
194	삼성 비스포크제트 먼지 흡입 걸레질
195	LG오브제 컬렉션 물걸레 곰팡이
196	태양계 행성 분류
197	지구형 행성
198	고체 행성
199	지구형 행성
200	목성형 행성
201	목성형 행성
202	지구형 목성형 태양 거리
203	공인회계사
204	공인회계사 시험과목
206	공인회계사 총 24학점
207	공인회계사 실무수습
208	공인회계사 정년 연봉
209	공인회계사 취직
210	공인회계사 주요업무
211	공인회계사 세무대리
212	신입 회계사 연봉
213	여름철 피부관리
214	여름철 피부관리
215	피지 세안
217	자외선 차단
218	자외선 종류
219	자외선 차단제 기능
220	SPA 브랜드 뜻
222	SPA 브랜드 환경 영향
224	ARKET 운영
225	ARKET 컨셉
226	ARKET 오프라인 매장
227	리플리 증후군
230	리플리 증후군 죄책감
231	리플리 증후군 망상
232	리플리 증후군 치료
233	리플리 증후군 사기
234	리플리 증후군 원인
236	손흥민 이적시장 가치
237	손흥민 청룡장
238	손흥민 외국인 선수 1위
239	손흥민 춘천 태생 아버지 손웅정
240	손흥민 프로필
241	손흥민 양발잡이
242	손흥민 역사 미래
245	식물재배기 화분 차이
246	식물재배기 가격
247	식물재배기 개방형 밀폐형 차이
248	LG 틔운 미니 가격
249	틔운 틔운 미니 밀폐형
250	틔운 씨앗키트
251	길고양이 먹이 제공 사람 지칭
252	캣맘 주민 갈등
253	길고양성화 수술
254	길고양이 중성화 동물 보호법
255	길고양이 개채수 증가
256	길고양이 중성화 구분
258	길고양이 포획후 중성화 수술 시간
259	최근 수익형 부동산 선호
260	수익형 부동산
261	수익형 부동산 장점
262	수익형 부동산 규제 자유
263	부동산 투자 경험 오피스텔 소형아파트
264	수익형 부동산 중도금 무이자 혜택
265	남양주 중도금 무이자 혜택
266	천안 한화 포레나 중도금 무이자
267	신종 학교폭력
268	신종 학교폭력
269	학교폭력 처리
270	학교 폭력 피해 학생 보호
271	피해학생 긴급 조치
272	가해 학생 처벌
273	학교폭력 판단요소
274	최저임금위원회
276	최저임금제 필요 이유
277	최저임금제 부작용
278	주휴수당
279	주휴수당 제도
280	니트류 세탁
281	니트 세탁기
282	니트 세탁
283	보풀 제거
284	니트 보플 제거
285	니트 보풀 해결
286	니트 보관
287	짬뽕라면 양배추 배추
288	짬뽕라면 만들기 시작
289	짬뽕라면 기름 볶기
290	짬뽕라면 배추 언제
291	짬뽕라면 소스 순서
292	짬뽕라면 간 맞추기
293	짬뽕라면 계란
294	탯줄 떨어지는 시기
295	탯줄 늦게 떨어질 때 대처법
296	신생아 배꼽 소독
297	신생아 배꼽 소독 방법
298	신생아 배꼽 거즈
299	신생아 통목욕
300	신생아 탯줄 떨어진 후 배꼽 물
301	신생아 배꼽육아종
305	파운데이션 안쓰는 화장
306	파데프리
307	메이크업 도구
308	메이크업 도구
309	눈사람 모양 스펀지 화장
310	메이크업 도구 주의사항
311	메이크업 스펀지 관리 방법
312	사내 동호회
313	사내 동호회
314	사내 동호회 운영 중요점
315	사내 동호회 단점
316	재택 근무 종료 직장인 불만
317	직장인 사무실 출근유도
318	뉴노멀 시대 기업
319	사회 동호회 비대면
320	비대면 회식
321	조지 오웰
322	조지 오웰 소설
323	조지 오웰 동물농장
324	조지 오웰 동물농장 인기 시기
325	조지 오웰 1984
326	조지 오웰 1984
327	1984 빅브라더
328	조지 오웰 카탈로니아
329	젤다의 전설
330	젤다의 전설 속편 출시일
331	닌텐도 짱구는 못 말려
332	마리오 파티 슈퍼스타즈
333	닌텐도 스위치 동숲 에디션 인기
334	별의 커비
335	닌텐도 스위치 판매 1위
336	산후우울증
338	산후우울증 진단 기준
339	에딘버러 산후우울 검사
340	에딘버러 산후우울 검사 10점 이상
341	산후우울증 치료 방식
344	모기 간지러움
345	모기 암컷
346	모기가 좋아하는 사람
347	모기 색깔 목표
348	캠핑 모기
349	모기 기피제
350	모기가 싫어하는 것
351	105인 사건
352	데라우치 마사타케
353	조선시대 통감
354	105인 사건 독립운동가
355	105인 사건 독립운동가 판결
356	신민회
357	신간회
358	105인 사건 자료
359	포켓몬 고
360	포켓몬 고
361	포켓몬 고 플레이 방식
362	증강현실
363	증강현실 사용자 위치 계산
364	포켓몬고 GPS
365	GPS 조작앱 포켓몬고 악영향
366	GPS 조작 문제
367	장수풍뎅이 성격
368	사슴벌레
369	장수풍뎅이 암수 특징
370	장수풍뎅이 성충 활동 계절
371	장수풍뎅이
372	장수풍뎅이 수명
373	장수풍뎅이 애벌레
374	장수풍뎅이 애벌레 먹원
375	식사 후 커피
376	커피 대체 음료
378	커피 습관
379	디카페인 커피
380	디카페인 커피 비싼 이유
381	커피 현대인 사랑
382	커피 단맛
383	사회 초년생 재테크
384	고정지출 줄이는 방법
385	사회 초년생 재테크 프로그램 신청
386	현금흐름표
388	리셀테크
389	리셀테크 주의
390	고양이 사료 그릇
391	고양이 독 식물
392	고양이 장난감
393	고양이 스트레스 관리
394	고양이 중성화 이유
395	고양이 변비 예방
396	고양이 비만 예방
397	고양이 건강 상태 확인
398	블랙핑크 지수 인스타그램 팔로워
399	블랙핑크 리사 외국어
400	리사 솔로 앨범
401	로제 솔로 앨범
402	블랙핑크 신곡
403	핑크 베놈 인기
405	핑크베놈 음악 스타일
406	밤의 여왕의 아리아 오페라
407	오페라 마술피리 작곡가
408	모차르트 마술피리 내용
409	마술피리 파미나 공주 납치 이야기
410	마술피리 자라스트로 캐릭터
411	밤의 여왕의 아리아 어떤 장면
412	모차르트 밤의 여왕의 아리아 영감
413	마술피리 결말
414	1인용 가구 증가 이유
415	1인 가구 수
416	1인 가구 가장 많이 거주 주택 유형
417	1인 가구 거주 주택 규모
419	수도권 1인 가구 비율
420	수도권 1인 가구 연령대
421	1인 가구 노령자 가구 비중
422	중장년 1인 가구 문제
423	산리오 인기
424	산리오 세계 매출
425	산리오 역사
426	산리오 한국 진출
427	산리오 캐릭터
428	산리오 캐릭터 인기 1위
429	헬로키티 인기
430	산리오 캐릭터 상품
431	우리나라 산리오 협업
432	오페라 뮤지컬 아이다 관련
433	주세페 베르디 아이다 노래 대본
434	오페라 아이다 초연
435	베르디 아이다 작중 배경 이집트
436	베르디 아이다 이집트 배경 작곡 이유
437	이집트 국왕 오페라 의뢰 베르디 반응
438	베르디 마지막 오페라
439	오페라 아이다 유럽 초연
440	우도 관광 근황
441	우도 마지막 배 시간
442	우도 마지막 배 시간
443	야간도항선 운행 여부
444	우도 쓰레기 문제
445	우도 쓰레기에 대한 대책
446	자원순환모델 구축 프로젝트
447	프로젝트 진행 내용
449	마이클 잭슨 추모
450	마이클 잭슨 기념
451	마이클 잭슨 영화
453	마이클 잭슨 죽음
454	마이클 잭슨 유산
456	ETF
457	ETF 장점
458	ETF 종류 선택
459	ETF 단점
460	ETF 분배금
461	ETF 매매차익 과세
462	ETF 투자위험 분산
463	ETF 증권사 계좌 매수
464	여성 유방암 순위
465	유방암 통계
466	유방암 증상
467	유방암 멍울
468	유방암 생존율
469	유방암 검사
470	유방암 위험군
471	남성 유방암
472	1인 가구
473	1인 가구 문제점
474	1인 가구 고독사
475	고독사 사각지대
476	1인 가구 중고령자
477	1인 가구 지원 사업
478	1인 가구 지원 사업
479	1인 가구 산책 프로그램
481	생활 자전거
482	국내 자전거 회사
483	삼천리자전거 시티바이크
484	단신용 자전거
485	중고 자전거 구입 팁
486	서울 중고 자전거 구입
487	라이트브라더스
490	한국 태풍 발생 가능성
491	한국 다음 태풍
492	2022 한국 태풍
493	1년 평균 태풍
494	기상청 태풍 정보
495	종이컵 전면 금지
496	일회용품 단속 과태료
497	코로나 폐기물
498	일회용품관련 법률
499	젓는 막대 사용 금지
500	편의점 비닐 봉투 금지
502	반려견 앞다리만 들어
503	강아지 체온조절
504	강아지 분리불안 증상 극복 방법
505	강아지 발가락 씹는 행동
506	강아지 노즈워크
507	강아지 하품 이유
508	산양
509	산양 키우는 용도
511	육용종 염소
512	산양 주왕산
513	돌산 산양
514	펠릭스 호세 한국 입단 연도
515	펠릭스 호세 1999년 기록
516	펠릭스 호세 1999년 시즌 성적
517	1999년 드림리그 매직리그
518	1999년 롯데 플레이오프 상대
519	1999년 롯데 삼성 플레이오프 7차전 호세 활약
520	1999년 롯데 삼성 플레이오프 7차전 호세 물통 배트
521	1999년 롯데 삼성 플레이오프 7차전 호세 벌금
522	세계 3대 수프
523	부야베스 생선
524	베트남 분짜
525	분짜 소스 레시피
526	백종원 피시소스
527	카이막 중앙아시아
528	카이막 맛
529	초등학교 사교육 비율
530	초등학생 고등학생 사교육 참여율
531	사교육 시장 확장
532	초등학생 사교육비 증가
533	초등학생 사교육비 과목
535	학세권
536	학원가 지역
537	학생 학부모 스트레스
539	쏘스뮤직 하이브
540	르세라핌 제작진
541	르세라핌 멤버
542	르세라핌 그룹명 뜻
543	르세라핌 데뷔곡 성적
546	플랑크톤
547	플랑크톤 분류
548	식물성 플랑크톤
549	동물성 플랑크톤
550	플랑크톤 생태걔 역할
551	플랑크톤 역할
552	바다 플랑크톤 대량 번식
553	지구온난화 플랑크톤
555	엔트로피 시간
556	엔트로피
557	테넷 인버전
558	맥스웰 도깨비
559	맥스웰 도깨비 엔트로피
560	엔트로피 칸막이
561	맥스웰 도깨비 엔트로피
562	전세대출 지원사업
563	광주 청년 전월세보증금 대출이자 지원사업 대출이율 지원
564	광주 청년 전월세보증금 대출이자 지원사업 대출기한
565	광주 청년 전월세보증금 대출이자 지원사업 신청자격
566	광주 청년 전월세보증금 대출이자 지원사업 직장인 소득 기준
567	광주 청년 전월세보증금 대출이자 지원사업 상반기 내용 보완
568	광주 청년 전월세보증금 대출이자 지원사업 상반기 내용 보완 이유
569	광주 청년 전월세보증금 대출이자 지원사업 지원주택
570	광주 청년 전월세보증금 대출이자 지원사업 지원 제외
571	광주 청년 전월세보증금 대출이자 지원사업 선정 은행 대출 실행
573	적금 가입자 증가 수신금리 인상
574	파이어족
576	예금 적금 차이
577	저축은행 2금융권
579	성인 펀드 투자자 비율
580	등산지
581	서울 중심 등산지
582	초보 등산 추천 산
583	경기도 등산
584	행주산성 맛집
585	행주산성 장어 맛집
586	등산 건강 과
587	아테네 관광 명소
588	파르페논 신전보수 공사 여부
589	파르페논 보수 공사 육안 식별 가능
590	산토리노 특징
591	아테네에서 산토리니 가는 법
592	그리스 관광 섬
593	그리스 직항
594	아이유 콘서트
595	아이유 콘서트 일정
596	올림픽주경기장 관객 규모
597	아이유 데뷔일
598	아이유 밤편지
599	아이유 연기 수상
600	아이유 드라마
601	아이유 칸
604	고흐 출신
606	고흐 고갱 불화
607	고흐 노란색 이유
608	고흐 밤의 카페테라스
609	고흐 해바라기
610	반고흐미술관 해바라기
611	태풍 지하 주차장침수
612	이번 태풍 사망자
613	힌남노 한국 태풍 순위
614	힌남노 높은 위도
615	해수면 온도 태풍 강도
616	태풍 위력 증가 요소
617	힌남노 이름 나라
618	태풍 명칭 국가
619	해외 직구 방식
620	해외직구 구매대행 방식
622	해외 직구 세금 부과 방식
623	해외직구 품목별 수량 기준
624	해외 직구 개인통관보유부호 발급 필요
625	블랙프라이데이 해외직구
626	해외직구 피해 문의
627	콩
628	콩 역사
629	콩 총생산량
630	콩 줄기 잎
631	콩 재배법
632	콩 품종
633	콩 효능
634	콩 다량섭취
635	이탈리아 도시
636	로마 여행지
637	로마 여행지
638	피사의 사탑
639	피렌체 여행
640	피렌체 맛집
641	이탈리아 도시
642	이탈리아 여행지
643	발목 접지름
644	발목 염좌 온찜질
645	발목 온찜질
646	발목 염좌
647	발목 염좌 치료
648	자주 발목 삐끗하는 이유
649	발목불안정증 예방
650	발목염좌 체중
651	칫솔 교체 주기
652	타월 교체 주기
653	수건 교체 시기
654	주방 사용법
655	침구류 교체
656	베게 교체 주기
657	속옷 교체 주기
658	샤워기 헤드 교체 주기
659	놀면 뭐하니 이성경
660	씨야 여인의 향기
661	가수 씨야 데뷔
662	가수 씨야 멤버
663	김연지 불후의 명곡 가시나무
664	남규리 배우
665	카이로스 남규리
666	신경계
667	중추신경계
668	척수
669	뉴런
670	말초신경계
671	자율신경계
672	교감신경 기능
673	부교감 신경
674	아디다스 역사
675	아디다스 역사
677	아디다스 세계적 명성 시점
678	아디다스 마케팅 최초 시도
679	월드컵 공인구 아디다스
680	아디다스 슬로건 불가능, 그것은 아무것도 아니다
681	아디다스 신발 부스트 기술
682	박경리
683	소설 토지
684	토지 내용
685	토지 대한민국 역사 관련성
686	박경리 평가
687	박경리 별세
688	박경리 추모
690	컬링 얼음 체스 이유
691	컬링 스코틀랜드 기원
692	컬링 경기 진행 방식
693	컬링 경기 동점 시
694	컬링 세계선수권대회 처음
695	컬링 동계올림픽 정식 종목 채택
696	컬링 스톤 빗질
697	컬링 포지션
698	아이 디지털 기기 문제
699	팝콘 브레인
700	스마트폰 ADHD 연구
701	ADHD 증상
702	아이 잠깐 봐줄 곳
703	아이돌봄 서비스 어린이집
704	반려견 양치
705	반려동물 양치 교육 시기
706	반려동물 양치 횟수
707	반려동물 양치 치약
708	강아지용 치약
709	반려견 사람 칫솔
710	양치질 시작 강아지
711	강아지 구강 관리 제품
712	기억상실
713	건망증 원인
714	건망증 원인
715	스마트폰 건망증
716	핸드폰 의존
717	건망증 예방
718	뇌세포
720	세 모녀 전세 사기 사건
722	갭투자 위험성
723	2030세대 전세 피해
724	전세급 보호 방법
725	전세 보증금 보험 제도
726	전세보증금 보험 기관
727	전세보증금 반환보증보험 온라인 가입
728	지역별 3대 불고기
729	서울불고기 특징
730	광양불고기 특징
731	언양불고기 특징
732	불고기 역사
733	광양불고기 유래
735	불고기 부위
736	판 콘 토마테
737	판 콘 토마테 인기
738	타파스
739	타파스 만드는 법
742	타파스 한국 음식 공통점
743	타파스 한국 음식 공통점
744	스마트폰 중독 증상
745	스몸비
746	스마트폰 역사
747	아이폰 1세대 역사
748	스마트폰 변기 항문질환
749	소아비만 증가 이유
750	소아비만 표준체중
751	소아비만 성인비만 예방
752	소아비만 유전
753	소아비만 다른 질병
754	소아비만 제한
755	소아비만 식습관
756	소아비만 운동 도움
757	경주 명소
758	불국사
759	석가탑 유물
760	세상에서 가장 오래된 목판 인쇄물 제작 년도
761	석굴암 구조
763	첨성대 하늘 관측 절기 원리
764	해외 운전 면허증
765	국제운전면허증 발급
766	국제운전면허증 발급
767	국제운전면허증 해외 재발급
768	영문운전면허증 적용 나라
769	영문운전면허증 발급
770	박건우 소속팀
771	박건우 장원준
772	박건우 데뷔 첫 홈런
773	박건우 20홈런 20도루 클버
774	박건우 이적 년도
775	박건우 이적 후 첫 홈런
776	박건우 허벅지 근육 손상
777	박건우 개인 통산 1000경기 출전 기록
778	뒤통수 혹
779	뇌진탕 증상
780	뇌진탕 증상 지속
781	뇌진탕 검사 필요성
782	뇌진탕 회복
783	뇌진탕 회복
784	뇌진탕 검사
785	자영업 창업 입지 선정
786	권리금
787	권리금 회수
788	상가임대차계약 기간
789	상가임대차보호법 임대료 증액
790	대항력 발생
791	상가임대차 주의점
792	강북구 창업아카데미
793	무안 양파
794	양파 효능
795	양파 고지혈증
796	양파 혈관 질환
797	양파 고르는 법
798	양파 보관법
799	집 양파즙 만들기
800	양파 부작용
801	취미 추천
802	공기 정화 식물
803	아레카야자
804	아레카야자 키우기 정보
805	스파티필름
806	틸란드시아
807	틸란드시아 물 주기
808	스킨답서스 관리
809	목욕
810	목욕의 역사
811	세계 목욕 문화
812	한국 목욕
813	대중목욕탕
814	찜질방
815	사우나
816	때밀이 문화
817	9월 건보료 소득중심 건강보험 부과 체계 개편
818	2단계 개편 핵심
819	4000만원 자동차 건보료
820	지역가입자 건보료 감소 전망
821	소득정률제 방식
822	직장가입자 추가 보험료
823	2천만원 초과분 추가 보험료
824	직장가입자 건강보험료 상승
825	고소모 뜻
826	고소모 제품
827	바라클라바
828	바라클라바 브랜드
829	바라클라바 제품
830	목도리 제품
831	넥워머 제품
832	패딩 머플러 인기
833	패딩 머플러 제품
834	선별복지
835	복지 관리 계획
836	통폐합 정책 기관
837	내년도 예산안
838	예산 복지 확대
839	국내투자자 해외채권 매수
840	채권
841	유가증권
842	유가물 채권
843	채권 금리 시중 금리 채권 가치
844	물가채 물가 상승률 수익
847	BTS 군대 입멤버
848	BTS 멤버 병역
849	BTS 병역 국방부 입장
850	여권 BTS 병역특례 주장
851	BTS 병역 특례 논의
852	BTS 병역 국민 여론조사
854	BTS 병역 면제 여론
855	통영 다찌 마산 통술 진주 실비
856	다찌 통술 실비 먼저
857	다찌 일본
858	다찌 메뉴
860	다찌 술문화
861	다찌 술 못먹는
862	다찌 안주
863	인터넷
864	인터넷
865	인터넷 유래
866	한국 최초의 인터넷
867	전세계 인터넷 이용자
868	한국 인터넷 이용자 수
869	인터넷 탄생
870	GPS
872	자궁 용종 폴립 원인
873	자궁 용종 증상
874	자궁 용종 근종 차이
875	자궁 근종
876	자궁용종 암
877	자궁 용종 치료법
878	자궁경
879	은행 어원
880	일본 은본위제
881	은본위제 운영 국가
882	은본위제 금본위제 전환
883	은본위제 국가
884	금본위제 금 가치
885	그레인
886	금본위제 몰락
887	바지락 요리
888	바지락 칼국수 레시피
889	바지락 해감
890	바지락 보관
891	바지락 궁합
892	바지락 제철
893	바지락 과거
894	바지락 주의사항
895	소설 작은 아씨들
896	작은 아씨들 작가 자매
897	작은 아씨들 권수
898	작은 아씨들 인기
899	루이자 메이 올컷
900	작은 아씨들 리메이크 작품
901	2019년 작은 아씨들
902	작은 아씨들 리메이크 버전
903	맨체스터 유나이티드 창단 역사
904	맨체스터 유나이티드 창단 당시 클럽 명칭 의미
905	맨체스터 유나이티드 홈 경기장
906	맨체스터 유나이티드 리그 우승 횟수
907	맨체스터 유나이티드 챔피언스리그 컵 우승 횟수
908	맨체스터 유나이티드 최다 출전 선수
909	맨체스터 유나이티드 박지성
910	맨체스터 유나이티드 라이벌
912	집중호우 인명피해
913	정부 특별재난지역 추가
914	보행중 폭우
915	주행중 폭우
916	올빼미
917	올빼미 사냥
918	올빼미 비행
919	부엉이 올빼미
920	수리부엉이
921	콜레스테롤
922	LDL 콜레스테롤
923	LDL 콜레스테롤 수치
924	콜레스테롤 관리
925	LDL 수치 낮추는 방법
926	LDL 수치 운동
927	LDL 콜레스테롤 낮추는 음식
928	콜레스테롤 생선
929	림선 노선
930	첫 지하철 나라
931	런던 지하철
932	우리나라 지하철
933	1호선
934	한국 자율주행 지하철
935	한국 지하철 세계 위상
936	베이징 동계올림픽
937	베이징 동계올림픽 쇼트트랙 황대헌 1500m 금메달
938	쇼트트랙 황대헌 1000m 편파 판정
939	쇼트트랙 박장혁 부상
940	쇼트트랙 박장혁 남자계주 부상투혼
941	동계올림픽 쇼트트랙 한국 남자 계주 메달
942	베이징 동계올림픽 여자 쇼트트랙 계주 은메달
943	베이징 동계올림픽 우리나라 메달 최종 순위
944	양치질
945	구강 세균 제거 방법
946	치실 사용
947	양치질 행굼 정도
948	양치 물 온도
949	양치 칫솔 물
950	양치질 가글
953	에스이에스 그룹명
954	에스이에스 첫 무대
955	에스이에스 Love
956	에스이에스 Love 뮤직 비디오 촬영
957	발레 학원 추천
958	발레 유연성
959	발레 취미 장점
960	발레 발목 건강
961	취미 발레 발가락 이상
962	발레 망치족지 병 예방
963	현대무용 취미
964	신생아 모유 수유 횟수
965	신생아 여드름 증상 관리
966	신생아 탯줄 목욕
967	신생아 호흡수 불규칙
968	신생아 시력
969	신생아 초점 시기
970	신생아 수면 시간
971	신생아 몸 움찔 만세
972	뮤지컬 영화 레미제라블
973	레미제라블 영화 에포닌 노래
974	레미제라블 에포닌
975	레미제라블 에포닌 스토리
976	레미제라블 꼬마
977	레미제라블 앙졸라
978	레미제라블 민중의 노래
979	마라톤
980	마라톤 거리 42.195 이유
981	케냐 마라톤 연습 방법
982	마라톤 킵초게
983	킵초게 인류 최초 도전
984	육상 페이스메이커
985	하프 마라톤
986	울트라마라톤
987	변기 청소
988	변기 냄새 관리
989	하수구 냄새 제거
990	화장실 냄새 원인
991	화장실 실리콘 이음새 곰팡이 제거
992	뚫어뻥 사용법
993	자 화장실 청소
994	샤워기 헤드 관리
995	유기견 보호소 입양견 분리불안
996	강아지 분리불안 증상
997	강아지 분리불안 증상
998	반려견 분리불안 원인
999	강아지 분리불안 교육
1000	강아지 분리불안 교육 도움
1001	반려견 보상 규칙
1002	반려견 불안감
1003	임오군란
1004	임오군란 원인
1005	임오군란 신식군대
1006	임오군란 차별
1007	임오군란
1008	임군란 흥선대원군
1009	임오군란 일제강점기 영향
1010	퇴직금
1011	퇴직금 수습 기간 포함
1012	아르바이트 퇴직금
1013	퇴직금 계산법
1015	퇴직금 중간정산 제도
1016	퇴직금 연봉 포함
1017	퇴직금 퇴직 후 언제
1018	도수치료
1019	도수치료 관절 회복
1020	도수치료 부작용
1021	도수치료 안전성
1022	도수치료 비용
1023	도수치료 보험
1024	도수치료 보험
1025	목 통증 도수치료
1026	국내 소설 원작 뮤지컬 원더보이
1027	뮤지컬 아몬드
1028	뮤지컬 아몬드 주제
1029	뮤지컬 삼총사
1030	테레즈 라캥
1031	뮤지컬 지킬 앤 하이드
1032	문학 원작 뮤지컬 비중
1033	뮤지컬 차미
1035	중고거래플랫폼 1위
1036	당근마켓 거래방법
1037	당근마켓 직거래
1038	당근마켓 단점
1039	중고거래 환불
1041	중고거래 사기 대처
1042	까만 팔꿈치
1043	팔꿈치 변색 각질
1044	팔꿈치 각질 이유
1045	팔꿈치 씻기
1046	팔꿈치 관리
1047	살리실산 스크럽 주기
1048	레몬 미백 효과
1049	팔꿈치 미백
1050	캠핑준비물 여름
1051	타프 사용처
1052	타프 치는 법
1053	텐트 치는 법
1054	편한 캠핑
1055	글램밍 아닌 캠핑
1056	캠활동 추천
1057	캠핑 주의사항
1058	선풍기 써큘레이터 차이
1059	서큘레이터 효과
1060	서큘레이터 선풍기 가격
1061	서큘레이터 단점
1062	서큘레이터 공기 순환 원리
1063	서큘레이터 절약
1064	서큘레이터 단독
1065	선풍기 냉각기능
1066	차례상 지방 규칙
1067	차례상 지방 내용
1068	제사상 음식 규칙
1069	조율이시 홍동백서
1070	제사상 안되는 음식
1071	복숭아 차례상
1072	제사 시간
1073	제사 간소화
1074	궁합 안 맞는 음식
1075	시금치 수산 단독
1076	시금치 수산 줄이는 법
1077	음식 궁합 안 좋은 식재료
1078	음식 궁합 안 좋은 식재료
1079	라면 콜라 불균형
1080	라면 궁합 좋은 식재료
1081	라면 우유 나트륨
1082	가습기 살균제 물티슈 검출
1084	가습기 살균제 물티슈 환불
1085	가습기 살균제 성분 악영향
1086	스타벅스 포름알데히드 검출
1087	스타벅발암물질 사건 환불
1088	포름알데히드
1089	포름알데히드 기준치
1090	스타벅스 발암물질 가방 수치
1091	전기장판 전자파 유해성
1092	전기장판 연구
1094	전자파 종류
1095	전자파 세기별 영향
1097	온열매트 단점
1098	온열매트 유해성
1099	온열매트 종류
1100	양치
1101	양치 빈도
1102	양치 언제
1103	치실
1104	치실 발명
1105	치실 대체
1106	칫솔 구매 고려사항
1107	칫솔 구매 고려사항
1108	가자미 넙치 구분
1109	가자미 제철
1110	가자미 효능
1111	가자미 칼로리
1112	가자미 고르는 법
1113	반건조 가자미 요리
1114	가자미 요리 레시피
1115	동해 서해 식해
1116	소비자물가 상승률
1118	물가상승률 정점
1119	생활물가지수 취약계층 씀씀이
1120	고물가 저소득층 생계지원금 단가 인상
1122	월급쟁이 부업
1123	물가 급등 N잡러
1124	재능마켓 배달업 광고 부업
1125	최초의 시계
1126	한국 최초 해시계
1127	휴대용 해시계
1128	오래된 형태의 시계
1129	자격루
1130	오래된 형태의 시계
1131	회중 시계
1132	쿼츠 시계
1133	근로장려금
1134	근로장려금 지급대상
1135	근로장려금 소득 기준
1136	근로장려금 지급액
1137	근로장려금 신청기간
1138	근로장려금 기한 후 신청 감면
1139	근로장려금 대상자 확인
1140	근로장려금 신청방법
1141	아기 알레르기 유발 식품
1143	아기 이유식 알레르기 유발 식품 사용
1144	임신 중 식품 섭취 아기 알레르기 연관
1145	아기 식품 알레르기 증상
1146	아기 알레르기 유발 식품 노출 시기
1147	식품 알레르기 치료
1148	아기 식품 알레르기 검사
1149	여름 피부
1150	주근깨
1151	주근깨 유전
1152	기미 주근깨 부위
1153	기미 원인
1154	기미 주근깨 레이저 치료
1155	기미 주근깨 비타민C
1156	기미 주근깨 예방
1157	피부 자외선
1158	장각 태평도
1159	장각 교단 군사 조직 전환
1160	봉기일 장각
1161	황건적 봉기
1162	황건적 조정 환관
1163	장각 봉기 이유
1164	황건적 황천 창천
1165	황건적 정부군
1166	파생상품
1167	파생상품 종류
1168	주식 선물거래
1169	주식 옵션
1170	선물 옵션 레버리지
1171	레버리지 효과
1172	헤지
1173	한국거래소 파생상품시장
1174	마른오징어 굽는법
1175	오징어 타우린
1176	오징어 학습
1177	오징어볶음 재료
1178	오징어볶음 양념
1180	bmx 올림픽 채택
1181	bmx 레이싱 프리스타일 차이
1182	bmx 프리스타일
1183	bmx 프리스타일 스트리트
1184	bmx 레이싱 어린 나이
1185	bmx 홍하랑 선수
1186	인기 침대
1187	침대 인터넷 주문
1188	맞는 침대
1189	침대 사이즈 고르는 법
1190	매트리스 종류
1191	메모리폼 매트리스 장단점
1192	매트리스 관리
1193	소파베드
1194	참기름 들기름 좋은 성분
1195	참기름 좋은 성분
1196	들기름 성분
1197	들기름 효능
1198	참기름 요리
1199	들기름 요리
1200	참기름 보관
1201	들기름 보관
1202	참기름 들기름 개봉 후
1204	영종도 신도시
1205	여름 호캉스 장소 추천
1206	이병헌 리조트 광고
1207	파라다이스 리조트
1208	파라다이스 그룹 카지노 매출
1209	영종도 행지
1210	벤투호 마지막 국내소집 명단
1211	벤투호 파주 NFC 훈련
1212	벤투호 해외파 제외 이유
1214	이강인 발탁 여부 벤투
1215	해외파 카타르행 확정
1216	월드컵 최종 명단 발표 날짜
1217	한국 월드컵 유니폼 색
1218	에콰도르
1219	에콰도르 갈라파고스 특이 동식물
1220	갈라파고스 거북이
1221	이구아나 고유종
1222	갈라파고스 동물
1223	세계 자연유산
1224	종의 기원
1225	세탁기 구매 고려사항
1226	세탁기 용량
1227	드럼세탁기 소음
1228	세탁기 안전 주의 사항
1229	세제 투입구 청소법
1230	세탁조 청소 방법
1231	세탁조 청소 유의사항
1232	세탁기 곰팡이 청소 방법
1233	복어
1234	식용 가능 복어 종류
1235	복어 독
1236	복어 요리 전문가
1237	테드로도톡신 독성
1238	테드로도톡신 해독제
1239	양식 복어 독
1240	자연산 복어 양식 복어 차이
1241	자급제 폰
1242	자급제폰 장단점
1243	알뜰폰 자급제폰 비교
1244	알뜰폰 장점
1245	알뜰폰 단점
1246	e심
1247	e심 투넘버 서비스 차이
1248	e심 장점
1249	e심 단점
1250	유아인 대사 없이 연기 영화
1251	영화 소리도 없이 유아인 역할
1252	영화 소리도 없이 유아인 평가
1253	영화 소리도 없이 감독 수상
1254	영화 소리도 없이 흥행
1255	소리도 없이 유아인 출연료
1256	유아인 연기 데뷔
1257	뉴질랜드 여행
1258	반지의 왕 뉴질랜드 촬영 장소
1259	뉴질랜드 남섬 북섬
1260	뉴랜드 관광 ㅡㄱ징
1261	뉴질랜드 온천 추천
1262	뉴질랜드 남섬 특징
1263	뉴질랜드 빙하 관측 지역
1264	뉴질랜드 빙하 만지는 체험
1265	가수 이적 데뷔
1266	이적 그룹 활동
1267	카니발 히트곡
1268	이적 솔로 앨범
1269	가수 이적 동화책
1270	이적 작가
1271	가수 이적 콘서트
1272	신종 재테크
1277	슈테크 수익
1278	유통업계 한정판 마케팅
1279	리셀 시장 리셀테크
1280	청첩장 제작 시기
1281	청첩장 제작 업체
1282	청첩장 디자인 직접 제작 업체
1283	청첩장 부모님 동의
1284	청첩장 수량
1285	청첩장 제작 절차
1286	식권 모바일 청첩장 제작
1287	청첩장 나눠주는 시기
1288	청첩장 이름 발송
1289	밤중 수유 중단 시기
1290	밤중 수유 중단 이유
1291	밤중 수유 아기 발달
1292	밤중 수유 중단 다른 이유
1293	밤중 수유 끊는 방법
1294	밤중 수유 끊기 할 일
1295	아기 밤 칭얼 수유
1296	밤중 수유 끊는 시기
1297	물놀이 할 때 안전수칙
1298	물놀이 할 때 또 다른 안전 수칙
1299	물놀이 시 귀 간지러운 증상
1300	외이도 귀 위치
1301	수영 후 귀를 파면 안되는 이유
1302	물놀이 후 귀에 물 들어갔을 시 조치
1303	물놀이 후 결막염
1304	물놀이 후 눈에 화상
1305	배구 리베로 선수
1306	배구 포지션
1307	배구 유래
1308	우리나라 배구 도입
1310	배구 심판 명 수
1311	당근마켓
1312	당근마켓 이용
1313	당근마켓 지역
1314	ESG
1315	아나바다 운동 esg
1317	중고거래 세금
1318	이병헌 할리우드 진출작
1319	터미네이터 이병헌 역할
1320	이병헌 김태리 주연 미스터 선샤인
1321	미스터 선샤인 이병헌 역할
1322	신미양요
1323	미스터 선샤인 과거 모습 촬영지 선샤인랜드
1324	이병헌 우리들의 블루스 드라마
1325	우리들의 블루스 이병헌 역할
1326	수리 논리
1327	수리 논리
1328	수리논리학 수학
1329	수리논리학 연구
1330	힐베르트
1331	힐베르트 수학 업적
1332	시력교정술 종류
1333	라식 원리
1334	라섹 라식 차이
1335	라섹 장점
1336	스마일 라식
1337	스마일라식 유의할 점
1338	렌즈삽입술 원리
1339	렌즈삽입술 장점
1340	렌즈삽입술 비용
1342	베이비샤워 의미
1343	베이비샤워 대중화
1344	베이비샤워 내용
1345	베이비샤워 시기
1346	베이비샤워 인원
1347	베이비샤워 선물
1348	베이비샤워 임산부 선물
1349	각진 얼굴 선글라스
1350	둥근 얼굴 선글라스
1351	초창기 선글라스 모양
1352	2000년대 후반 선글라스 유행
1353	선글라스 소재 종류
1354	젠틀몬스터 나라
1355	젠틀몬스터 창업
1356	젠틀몬스터 가격
1357	대장금 방영 당시 시청률
1358	대장금 해외 수출 나라
1359	대장금 해외 시청률 최고 나라
1360	해외 인기 한국 드라마  작품
1361	한국 사극 드라마 추천
1362	옷 소매 붉은 끝동 특징
1364	오피스텔 청약통장
1365	아파트 오피스텔 면적 산출 기준
1366	오피스텔 계약면적 아파트 공급면적
1367	기타공용면적 전용면적 주거공용면적
1368	오피스텔 발코니 설치 불가
1369	오피스텔 아파트 전용률 차이
1370	오피스텔 대출 규제
1371	오피스텔 매매 가격 타격
1372	임신 초기
1373	임신테스트기 검사
1374	임신 초기 술
1375	임신 커피
1376	임신 초기 금지 음식
1377	임산부 약
1378	임산부 입덧 약
1379	임산부 국가 지원
1380	임산부 국가 지원
1381	영화 한산 출연진
1382	영화 한산 줄거리
1383	영화 한산 제작비
1384	영화 한산 러닝타임
1385	영화 한산 관전포인트
1386	한산 해상전투신 촬영 장소
1387	한산 세트 촬영
1388	최민식 박해일 이순신 연기 차이
1389	공기청정기 구매 고려사항
1390	공기청정기 적정용량 계산
1391	공기청정기 필터
1392	공기청정기 필터 종류
1393	공기청정기 필터 단계
1394	공기청정기 필터 등급 성능
1395	공기청정기 필터 교체 주기
1396	공기청정기 인증
1398	박열
1399	박여
1400	의열단
1401	박열 업적
1402	박열
1403	후미코
1404	가네코 후미코
1405	가네코 후미코 죽음
1407	도시가스 수요절감 캐시백
1408	도시가스 수요절감 프로그램 대상 기간
1409	도시가스 수요절감 가정용 도시가스
1410	도시가스 수요절감 주택 프로그램 시행
1411	도시가스 수요절감 천연가스 원자재 가격
1412	산업체 도시가스 캐시백 기준
1413	가정용 도시가스 캐시백 지급 기준
1414	야구 글러브 구조
1415	야구 글러브 종류
1416	미트 글러브 차이
1418	고양이 알레르기
1419	고양이 알레르기 검사 종류
1420	스코티시 폴드 귀 결함
1421	골연골 이형성증 증상
1422	골연골 이형성증 치료 방법
1423	터키시 앙고라 유전병
1424	순종 고양이 유전 질환
1425	동물 병원 비용
1426	마이브 M1 가격
1428	마이브 M1 실내
1429	마이브 M1 에어컨
1430	마이브 M1 사이드미러
1431	마이브 M1 뒷칸
1432	마이브 M1 주행 방법
1433	마이브 M1 속도
1434	미국
1435	미국 독립 전잼
1436	보스턴 차 사건
1437	영국 식민지 홍차 사건
1438	미국 독립 전쟁
1439	파리 조약
1440	월드컵 조 추첨
1441	대한민국 16강
1443	피파랭킹 기준
1444	FIFA 국제 축구 연맹
1446	카타르 월드컵 한국 일정
1447	호우주의보 호우경보 발표 기준
1448	서울 잠수교
1449	산사태
1450	산사태 행동요령
1451	자동차 침수 행동요령
1452	침수 차 문 수압
1453	호우 대비
1454	홍수 행동요령
1455	필리핀 레아 신전
1456	필리핀 그리스 신전
1457	필리핀 시에로 가든
1458	필핀 라푸라푸 사원
1459	라푸라푸 동상
1460	필리핀 마젤란
1461	필리핀 예수상
1462	필리핀 마스크 착용
1464	밥먹고 바로 눕는 습관
1465	식후 눕는 습관 질환
1466	식후 누우면 소화불량
1467	먹고 바로 누우면 방귀
1468	밥먹고 바로 잠 체중 증가
1469	식사 수면 간격
1470	식후 왼쪽으로 수면
1471	식후 운동
1472	아시안 게임
1473	아시안 게임 유래
1474	1회 아시안 게임 뉴델리 1951년
1475	1회 아시안 게임 한국 참가
1476	아시안 게임 한국 개최
1477	아시안 게임 한국 개최 유치
1478	아시안 게임 종목 개수
1479	아시안 게임 e스포츠
1480	적금 예금 차이
1481	적금 장단점
1482	정기예금 금리 상승
1483	빅스텝 중도해지 증가 이유
1485	한국은행 기준금리 인상 논의
1487	회전식 예금
1488	펀드란
1489	주식 펀드 차이
1490	펀드 종류
1491	개방형 폐쇄형 펀드 차이
1492	사모펀드
1493	초보 투자자 인덱스 펀드
1494	인덱스 펀드
1495	좋은 펀드 고르는 방법 자신 투자성향 파악
1496	비누
1497	비누 원리
1498	비누 대량생산
1499	한국 비누 역사
1500	한국 최초 비누 브랜드
1501	한국 최초 용비누
1502	샴푸 기원
1503	한국 최초 샴푸 브랜드
1504	로마 건국
1505	이탈리아 수도 로마
1506	로마 어원
1507	로마 멸망
1508	로마 관광객
1509	이탈리아 관광 국가
1510	이탈리아 관광업
1511	로마 관광
1513	반려동물 관련 서비스
1514	반려견 문제행동
1515	애견 유치원
1516	애견 유치원 비용
1518	반려동물 산업 시장 규모
1519	반려동물 산업 문제점
1520	계륵
1521	계륵
1522	한중 지역 전쟁
1523	조조 서촉 지방 전쟁
1524	전초전 승리 후 전쟁
1525	하후연 전사 조조 반응
1526	한중 지역 전쟁 조조 판단
1527	한중 전투 후 유비
1529	학생부종합전형
1530	학생부종합전형 절차
1531	수시 자기소개서 필수
1532	학생부종합전형 학생부교과전형 차이
1533	다른 수시 전형
1534	특성화고 마이스터고 전형 차이
1535	수시 논술전형
1536	오리백숙 인삼
1537	오리고기 혈액순환
1538	오리고기 영양성분
1539	훈제오리 첨가물
1540	훈제오리 첨가물 건강
1541	훈제오리 첨가물 최소화
1542	훈제오리 야채
1543	센물
1544	센물 건강 연관성
1545	센묵 하얀색 침착
1546	센물 석회
1547	센물 기계 장비 고장
1548	이온 적은 물
1549	단물 세탁
1550	고양이 캣타워 필수품
1551	고양이 화장실 모래 필수
1552	고양이 화장실 사방
1553	고양이 화장실 모래
1554	벤토나이트 대체제 모래
1555	고양이 벤토나이트 모래
1556	고양이 다른 필수품
1557	고양이 생활 공간 화분
1559	산후우울증 경험 비율
1561	산후우울증 다른 원인
1563	산후우울증 적극 치료 이유
1564	산후우울증 가족 산모 도와주는 방법
1565	산후우울증 산모 극복 방법
1566	드럼세탁기 통돌이세탁기 차이점
1567	드럼 세탁기 장점
1568	드럼 세탁기 전용세제
1569	통돌이 세탁기 판매 비중
1570	통돌이 세탁기 장점
1571	통돌이 세탁기 단점
1572	세탁기 용량 기준
1573	세탁조 크기
1574	유통기한 긴 우유
1575	유통기한 긴 우유 가격
1576	상한 우유 사용
1577	상한 우유 각질 제거
1578	상한 우유 얼굴 각질 제거
1579	상한 우청소
1580	표 멸균우유 수출 나라
1581	해외 우유 한국 우유 가격 차이
1582	에어컨 종류
1583	에어컨 스탠드형 벽걸이형
1584	이동식 에어컨 특징
1585	창문형 에어컨 특징
1586	평수에 따른 에어컨
1587	에어컨 적정 기준보다 크게
1588	에어컨 인증마크
1589	에어컨 설치 비용
1590	전동기
1591	돌림힘
1592	뉴턴 미터
1593	회생 제동
1594	전동기 발전기
1595	직류 전동기
1596	전압 조정기
1597	직선 운동 전동기
1598	영화 블레이드 러너
1599	사이버 펑크 뜻
1600	블레이드 러너 출연진 및 특징
1601	블레이드 러너 흥행 실패 요인
1602	블레이드 러너 재개봉
1603	블레이드 러너 파이널 컷
1604	블레이드 러너 2049 내용
1605	블레이드 러너 2049 감독
1606	최초 국산 자동차
1607	국제차량제작
1608	국내 독자 개발 차종
1609	한국 최초 수출 차량
1610	한국 최초 승합차
1611	봉고 출시
1612	한국 최장수 차량 모델
1613	술 역사
1614	증류주
1616	맥주 기원
1617	옥토버페스트
1618	보드카 원산지
1619	청년희망적금
1621	청년희망적금 저축장려금
1622	청년희망적금 만기 금액
1624	청년희망적금 은행별 우대금리
1625	청년희망적금 중도해지 은행별
1626	청년희망적금 재출시
1628	전문 스쿠버다이버 되는 법
1629	스킨 스쿠버 장점
1630	프리다이빙
1631	스쿠버 다이빙시 유의사항
1632	스쿠버 다이빙 초보 주의사항
1633	킨스쿠버다이빙 주의사항
1634	해외 스쿠버 다이빙 명소
1635	부산 엑스포
1636	엑스포
1637	계 박람회 참여 국가
1639	부산시 엑스포 유치 활동
1640	정부 부산 엑스포 활동
1641	엑스포 도전 도시
1642	사우디 리야드 엑스포 장점
1643	부산 엑스포 유치 가능성
1644	뉴욕의 대표적인 관광지
1645	메트로폴리탄 미술관
1646	록펠러 센터
1647	브로드웨이
1648	뉴욕 타임스퀘어
1649	뉴욕 브루클린 브릿지
1650	구겐하임 미뉴욕
1651	가족 호칭 어려움
1652	남편 아내의 언니
1653	언니의 남편 호칭
1654	아내 남동생 호칭
1655	남동생 아내 호칭
1656	남편 누나 호칭
1657	남편 여동생 호칭
1658	동서 호칭
1659	에어컨 안전한 전원선
1660	소비전력 용량
1661	멀티탭 소비전력 정격용량
1662	멀티탭 안전 꿀팁
1663	멀티탭 관리
1664	간지러운 원리
1665	모기 피 빠는 과정
1667	모기 잘 물리는 조건
1668	모기 체취 반응
1670	모기과학적 퇴치
1671	모기 멸종 영향
1672	살인 모기
1673	기계체조
1674	기계체조 종목
1675	도마 체조
1676	도마 체조 남녀 규칙
1677	마루운동 남녀 차이
1678	기계체조 안마
1679	링 체조
1680	평균대 체조
1681	픽셀7 화면 크기
1682	픽셀 7시리즈 텐서G2
1683	픽셀7시리즈 탑재 기능
1684	픽셀 7시리즈 후면 카메라
1685	픽셀7 카메라 화소
1686	픽셀7 프로 카메라 화소
1687	픽셀7 프로 전면 카메라
1688	픽셀7 프로 픽셀7 용량 가격
1689	픽셀7시리즈 판매일
1690	중고차 가격 상승
1691	신차 출고 지연 중고차 시세 영향
1692	부족 중고차
1693	침수차 법률
1694	침수차 정비업자 처벌
1696	침수차 방지법
1698	카히스토리 한계
1699	김치 식탁 중요 음식
1700	김치의 날
1701	중국 김치 주장 연구논문
1702	김치 세계 주목
1703	미국 김치의 날
1704	지역별 김치
1705	지역별 김치
1706	지역별 김치
1708	대만 원주민
1709	중국 대만 원주민역사
1710	한족 대만 편입
1711	대만 외부 인구 유입
1712	국부천대
1713	외성인 본성인
1714	2.28 영화
1715	방탄소년단 뜻
1716	방탄소년단 멤버 구성
1717	방탄소년단 멤버 선발 방법
1719	BTS 빌보드 차트 진입곡
1720	BTS 해체
1721	BTS 병역 문제
1722	BTS 콘서트
1723	바둑
1724	바둑알 재질
1725	바둑알 개수
1729	최초 바둑 대회
1730	바둑 두뇌 향상
1731	바둑 어르신 장점
1732	아파트 사전 점검 준비물
1733	사전 점검 줄자 메모지
1734	사전 점검 절차
1735	사전 점검 점검 사항
1736	사전 점검 현관 확인
1737	사전 점검 거실 확인
1738	사전 점검 발코니 확인
1739	사전 점검 주방 확인
1740	산후우울증
1741	산후우울증 고위험군
1742	만24세이하 산후우울증 고위험군
1743	산후우울증 원인
1744	산후우울증 호르몬
1745	남성 산후우울증
1746	산후우울증 치료
1747	산후우울증 예방
1748	브뤼셀 관광지
1749	브뤼셀 성당
1750	브뤼셀 오줌싸게 동상
1751	브뤼셀 미술관
1752	브뤼셀 시청사
1753	브뤼셀 레스토랑전용 지역
1754	브뤼쇼핑 지역
1755	브뤼셀 관광지
1756	등 여드름
1757	등드름 원인
1758	등드름 예방 습관
1759	여드름 등드름 관계
1760	등드름 흉터
1761	등드름 흉터 치료
1762	등드름 메이크업
1763	가슴 여드름
1764	고양이 후각 발달 싫어하는 냄새
1765	고양이 상큼한 향 싫어하는 이유
1766	고양이 박하 냄새 후각 자극
1767	고양이 플로럴 향 자극
1768	고양이 좋아하는 냄새
1769	고양이 캣닢 냄새 영향
1770	고양이 올리브 냄새 영향
1771	고양이 라벤더 효과
1772	두통 진통제
1773	진통제 내성
1774	두통 진통제 추천
1775	숙취 두통 진통제
1776	두통 자주 원인
1777	스트레스 두통
1778	두통 완화
1779	두통 스트레칭
1780	두통 유의사항
1781	일본 자유여행
1782	일본 오사카 관광지
1783	오사카 주유패스
1784	오사카 온천
1785	오사카 전망대
1786	오사카 대표 음식
1787	요코하마 야경 포인트
1788	오사카 교토 교통
1789	구름 구성
1790	구름 떠 있는 원리
1791	구름 색깔
1792	연두색 구름
1793	구름 무게
1794	가장 무거운 구름
1795	적란운 소나기
1796	적란운
1797	플로리스트
1798	플로리스트 제한
1799	플로리스트 학원
1800	플로리스트 인증 자격제도
1801	플로리스트 전망
1802	플로리스트 수입
1803	플로리스트 은퇴
1804	플로리스트 체력
1805	경상수지
1806	경상수지 분류
1807	경상수지 집계
1808	경상수지 흑자
1809	경상수지 적자
1810	경상수지 적자 달러
1811	한국 경상수지 흑자 교역 상대국
1812	한국 경상수지 적자
1813	최초의 사진
1814	조세프 니세포르 네이프스
1815	니에프스 사진
1816	사진
1817	존 허셜
1819	청사진 인화
1820	유로파리그 역사
1821	유로파리그 최다 우승팀
1822	21-22시즌 유로파리그 우승팀
1823	챔피언스리그 유로파리그 차이
1824	챔피언스리그 우승 상금
1825	챔피언스리그 역사
1826	챔피언스리그 최다골 1위
1827	UEFA 슈퍼컵
1828	피겨스케이팅
1829	피겨스케이팅 역사
1830	피겨스케이팅 올림픽 채택
1831	피겨스케이팅 채점 방식
1832	피겨스케이팅 스핀
1833	피겨스케이팅 점프
1834	피곤 원인
1835	갑상선
1836	갑상선기능저하증
1837	갑상선기능저하증 몸무게 증가
1838	갑상선기능저하증 원인
1839	갑상선기능저하증 치료
1840	갑상선기능저하증 치료 기간
1841	갑상선기능저하증 방치
1842	바둑 유래
1843	현재 바둑판 유래
1844	바둑돌 색깔 균형
1846	바둑판 화점 의미
1847	바둑 승단 규정 승점제
1848	바둑 아시안 게임 채택
1849	바둑 광저우 아시안 게임 금메달
1850	코마네치 체조 입문
1851	코마네치 6살 훈련
1852	코마네치 체조선수권대회 우승
1853	코마네치 국제 경기 처음 참가
1854	루마니아 소련 체조 경쟁
1855	코마네치 몬트리올 올림픽 기계체조 만점
1856	코마네치 몬트리올 올림픽 성적
1857	코마네치 루마니아 영웅
1858	코마네치 미국 망명
1859	보라카이 해변
1860	보라카이 레저
1861	보라카이 블루라군 말룸파티
1862	블루라군 말룸파티 수심
1863	블루라군 말룸파티 레저
1864	보라카이 카와스파
1865	보라카이핑몰 레스토랑
1866	보라카이 아일랜드 호핑투어
1867	새치 나이
1868	새치 원인
1869	한약 새치
1870	새치 뽑으면 탈모
1871	새치 뽑으면 두 가닥
1872	새치 염색 부작용
1873	새치샴푸
1874	새치샴푸 원리
1875	유자녀 맞벌이 부부 통계
1876	맞벌이 고충
1877	맞벌이 집안 어르신 도움
1878	베이비시터 고용 비용
1879	등하원 도우미 비용
1880	베이비시터 고용 시간
1881	유치원 비용
1882	분유 기저귀 비용
1883	쥐젖
1884	쥐젖 유래
1885	쥐젖 위치
1886	쥐젖 색
1887	쥐젖 원인
1888	쥐젖 비만
1889	쥐젖 연령
1890	쥐젖 제거
1891	인공지능 언어 사용처
1892	nlp
1893	카공족
1894	집 밖에서 공부
1895	스터디 카페
1896	집공부 꿀팁
1898	공주 층간소음 흉기 위협
1899	층간 소음 문제
1900	층간 소음 국가 대처
1901	슬래브 두께 국가 정책
1902	정부 층간 소음 해결 제도
1903	성능검사 테스트 미통과
1904	2022 KBO 포스트시즌 시작일
1905	와일드카드 결정전 장소
1906	포스트시즌 순위 결정 방식
1907	포스트시즌 우천 시
1908	포스트시즌 연장전
1909	포스트시즌 무승부
1910	포스트시즌 한 시리즈 2경기 이상 무승부
1911	포스트시즌 비디오 판독
1912	포스트시즌 경기 개시 시간
1913	내야수
1914	1루수
1915	2루수
1916	3루수
1917	유격수 위치
1918	외야수
1919	좌익수 특징
1920	중견수 특징
1921	우익수 특징
1922	서울사랑상품권
1923	자치구 서울사랑상품권
1924	서울사랑상품권 가맹점
1925	서울사랑상품권 혜택
1926	서울사랑상품권 사용법
1927	서울사랑상품권 환불
1928	서울사랑상품권 유효기간
1929	세계 각국 지역화폐
1930	양궁
1931	양궁 스포츠
1932	국궁 양궁 국제무대
1933	양궁 올림픽 정식 종목
1934	대한민국 양궁 경기 유래
1935	양궁 발사 기본 요소
1936	양궁 화살 끼우는 법
1937	양궁 점수
1938	스드메
1939	예단
1940	예단 삼총사
1941	반상기 은수저 예단 이유
1942	신혼 가구 선택 먼저
1943	평균 혼수 비용
1944	최근 인기 신혼 여행지
1945	혼인신고 하는 법
1946	혼인신고 필요 서류
1947	공인중개사 은퇴 후 직업
1948	공인중개사 응시자
1949	공인중개사 시험 응시 연령대
1950	공인중개사 수입
1951	공인중개사 시험
1952	공인중개사 합격 기준
1953	공인중개사 1차 불합격 2차 합격
1954	공인중개사 시험 주의사항
1955	우리나라 임금 체계 변화
1956	1기 임금체계
1957	2기 임금체계
1958	호봉제 장점
1959	호봉제 단점
1960	3기 임금체계
1961	미국 임금체계
1962	일본 임금체계
1963	족구 종주국
1964	족구 룰
1965	족구 승부
1966	족구 유래
1967	족구 전국대회 관심 인기
1968	족구 부상 비용 장점
1969	족구 핵심
1970	터치 색상 바뀌는 냉장고
1971	LG 디오스 오브제컬렉션 무드업 색상 변경 방법
1973	LG 씽큐 앱 색 조합 예시
1974	색상 변경 다른 방법
1975	음성 명령 종류
1976	LG 디오스 오브제컬렉션 스피커 기기 연결
1977	LG 디오스 오브제컬렉션 무드업 기능
1978	고양이 음수량
1979	고양이 수분섭취
1980	고양이 음수량 적으면
1981	고양이 하부요료계질환 증상
1982	고양이 적정음수량
1983	고양이 음수량 늘리는 법
1984	고양이 음수량 늘리는 법
1985	고양이 정수기
1986	고양이 음수량 늘리는 법
1987	동화 행복한 왕자 새
1988	행복한 왕자 결말
1989	행복한 왕자 동상 제비 부탁
1990	행복한 왕자 작가
1991	오스카 와일드
1992	오스카 와일드 대표작
1993	도리언 그레이의 초상
1994	도리언 그레이의 초상 영화
1996	한국 생태계 교란종
1997	한국 큰입배스 유입
1999	큰입배스
2000	지자체 생태계 교란종 대책
2001	성조숙증 치료
2002	성조숙증 진단 아동 증가
2003	성조숙증 진단 증가 원인
2004	소아비만 성조숙증
2005	성조숙증 증상
2006	성조숙증 9세 이전
2007	성조숙증 검사
2008	성조숙증 예방
2011	누리호 1차 발사
2012	한국 누리호 발사 세계 순위
2013	누리호 연구진
2014	누리호 투입 예산
2015	누리호 1차 2차 차이점
2016	성능검증위성 기능
2017	암벽 등반 체중 감소
2018	암벽등반 칼로리 소모
2019	암벽등반 장점
2020	암벽등반 장점
2021	암벽등반 근성장
2022	암벽등반 이점
2023	암벽등반 폐지구력
2024	암벽 등반 주의점
2025	신라 건국 설화
2026	화백 회의
2027	거서간
2028	박혁거세 다음 왕
2029	신라 3대 왕
2030	신라 관직 제도
2031	탈해
2032	고양이 털 빠짐 심하다
2033	고양이 털 관리
2034	고양이 털 상태 사료
2035	고양이 털 정리
2036	고양이 중성화 울음
2037	고양이 중성화 질병 위험
2038	고양이 중성화 시기
2039	고양이 중성화 후 주의사항
2040	민감 건조 피부 선크림
2041	무기자외선 차단제
2042	유기자차
2043	자외선 차단제 타입
2044	지성 피부 선크림
2045	복합성 피부 선크림
2046	PA SPF 지수
2047	자외선 차단 효과 높이기
2048	지구오락실 출연진 및 내용
2049	지구오락실 제작자
2053	지구오락실 캐릭터들
2054	지구오락실 매력
2057	송편 최초 기록
2058	송편 반달 모양
2059	송편 솔잎
2060	서울 경기 송편
2061	전국 송편
2062	충청도 송편
2063	경상도 송편 강낭콩
2064	제주도 송편
2065	임신 다리 부종
2066	임신중독증
2067	임신 중 고혈압 기준
2068	임신중독증 고위험군 주의사항
2070	임신중독증 치료
2071	임신중독증 예방
2072	당구 종류
2073	당구 포켓 캐롬
2074	포켓볼 방식
2075	포켓볼 에이트볼 텐볼 나인볼
2076	캐롬 게임 방식
2077	한국 당구 도입
2078	당구 스포츠 입지
2079	당구 김가영 차유람
2080	파친코 소설
2081	파친코 한국 출판
2082	이민진 작가 파친코 집필 계기
2083	파친코 재출간
2085	밀키트 성장세
2086	호텔 밀키트
2087	호텔 밀키트 레시피
2088	밀키트 실온 냉장
2089	냉동 부대찌개 밀키트 실온
2090	밀키트 원산지
2092	밀키트 인기
2093	밀키트 시장 규모
2095	대상포진 증상
2096	대상포진 원인
2097	대상포진 나이별
2098	대상포진 통증
2099	대상포진 치료 방법
2100	대상포진 예방접종
2101	대상포진 전염성
2102	대상포진 회복 기간
2103	펭귄 효과
2104	펭귄 서식지
2105	펭귄 종류
2106	가장 큰 펭귄 종
2107	황제펭귄 수명
2108	펭귄 식성
2110	펭귄 멸종위기
2111	펭귄 멸종 위기 도움
2112	입냄새 자가진단
2113	입냄새 원인
2114	입냄새 원인
2115	다이어트 입냄새
2116	입냄새 제거 방법
2117	입냄새 제거 방법
2118	입냄새 껌
2119	입냄새 치료제
2120	해외여행객 면세한도 늘어
2121	구매한도 면세한도 차이
2122	술 면세반입 기준
2123	담배 향수 면세반입
2124	면세한도 자진신고 가산세
2125	출국 해외 구매 합산 면세한도
2126	국내 일반 매장 구입 세금
2127	면세한도 초과 세금 자진신고
2128	여자 농구 월드컵 한국 미국 결과
2129	여자 농구 월드컵 미국 145득점
2130	여자 농구 월드컵 한국
2131	여자 농구 월드컵 결승 결과
2132	여자 농구 월드컵 미국 기록
2133	여자 농구 월드컵 4회 연속 우승국
2134	여자 농구 월드컵 아시아 결승
2135	여자 농구 월드컵 수상 선수
2136	밀라노 대성당 크기
2138	두오모 뜻
2139	밀라노 대성당 나폴레옹 관계
2140	밀라노 대당 관광
2141	대성당 볼거리
2142	밀라노 대성당 내부
2143	밀라노 대성당 볼거리
2144	카바디 이장군
2145	카바디 인도
2146	카바디 한국 도입
2147	카바디 처음 정식 종목 채택
2148	카바디 경기 방식
2149	카바디 점수 득점
2150	카바디 필요 신체 능력
2151	우리나라 카바디 메달
2152	이장군 장군엔터테인먼트 전속계약
2153	쇼트트랙 스피드 스케이팅
2154	쇼트트랙 고안
2155	쇼트트랙 첫 국제대회
2156	쇼트트랙 올림픽 채택
2157	쇼트트랙 세부 종목
2158	쇼트트랙 한국 유리
2159	쇼트트랙 한국 호리병 주법
2160	호리병 주법 원심력
2161	구내염
2162	알보칠 원리
2163	구내염 오라메디
2164	구내염 가글
2165	구내염 원인
2166	혓바늘
2167	구내염 예방
2168	색맹
2169	색맹 종류
2170	색맹 유전
2171	후천적 색맹
2172	색맹 테스트
2173	색맹 보정
2174	색맹 색약 차이
2175	색맹 색약 치료
2176	MZ세대 재테크 수단 리셀링
2178	리셀링 재테크 단기 접근 금물
2179	화폐 재테크
2181	동전 가치 전망
2182	수십 배 가치 동전 종류
2183	수십 배 이익 지폐 종류
2184	희귀 화폐 거래 방법
2185	갑상샘
2186	갑상선 위치
2187	갑상선 기능 항진증
2188	갑상선 기능 항진증 원인
2189	자가면역질환 종류
2190	중독성 갑상선 결절
2191	그레이브스병
2192	갑산선 기능 항진증 치료
2193	갑상선 기능 항진증 검사
2194	갑상선 기능 항진증 예방법
2195	홈플러스 당당치킨
2196	당당치킨 환호 이유
2197	반값 탕수육
2198	대형마트 가격 경쟁
2199	편의점 가격 경쟁
2200	프랜차이즈 치킨값 비싼 이유
2201	프랜차이즈 가격 전략
2202	프랜차이즈 치킨 실적
2203	하프
2204	페달 하프
2205	아이리시 하프
2206	하프 연주
2207	하프 기원
2208	활형 하프
2209	각형 하프
2210	최초 하프 연주곡
2211	1차 포에니 전쟁
2212	1차 포에니 전쟁
2213	2차 포에니 전쟁
2214	2차 포에니 전쟁 중 전투
2215	2차 포에니 전쟁 로마 전투
2216	2차 포에니 전투 로마 승
2218	3차 포에니 전쟁
2219	트롬본
2220	트롬본 소리 원리
2221	트롬본 종류
2222	슬라이드식 트롬본
2223	밸브 트롬본
2224	트롬본
2225	테너 트롬본
2226	트롬본 연주 방법
2230	복숭아 효능
2231	복숭아 열량
2232	맛있는 복숭아 고르는 법
2233	복숭아 주근깨 당도
2235	과일 보관법
2236	함께 보관 안 되는 과일
2237	딸기 보관법
2238	포도 보관법
2239	자두 보관법
2240	귤 보관법
2241	수박 보관법
2242	무화과 보관법
2246	양파 효능
2248	양파 보관법
2249	양파 냉장고 보관
2250	간접흡연 위험
2251	간접흡연 위험
2252	금연 구역
2253	전자담배 무해
2254	액상담배 위험
2255	전자담배 실내
2256	간접흡연 임산부
2257	간접흡연 정부 조치
2258	다도
2259	안락사
2260	안락사
2261	적적 안락사
2263	소극적 안락사
2264	안락사 찬성
2265	안락사 반대
2266	고양이 강아지 외로움
2267	고양이 키우기 체크
2268	고양이 강아지 차이점
2269	고양이 모래 종류
2270	벤토나이트 모래
2271	고양이 눈곱 치료
2272	허피스 치료
2273	고양이 행복 건강
2275	태권도 발차기 기술
2276	태권도 발차기 위력
2278	태권도 고려 품새
2279	태권도 금강 품새
2280	태권도 격파 대회
2281	태권도 이다빈 선수
2282	산업부 에너지 관련 시책 발표
2283	에너지캐시백
2284	에너지 캐시백 운영 지역
2285	에너지 캐시백 성과
2286	에너지 캐시백 신청 장소
2287	정부 여름철 전력 수급 안정 시책
2288	333 봉사프로그램
2289	333 프로그램 신청 웹사이트
2290	민부문 여름 전력수급대책
2291	무지출 챌린지
2292	무지출 챌린지
2293	무지출 챌린지 방법
2294	무지출 챌린지 이유
2296	전세계 물가상승 원인
2297	식품업계 가격 인상 전망
2298	물가인상 재테크
2299	아이폰 프로 일반 차이
2300	A16 칩 장점
2302	아이폰14 일반 프로 차이
2303	다이나믹 아일랜드 기능
2304	다이내믹 아일랜드 활용 예시
2306	AOD 배터리 소모
2307	고트족
2308	고트족
2309	서고트족
2310	앵글인
2311	프랑크족
2312	켈트족
2313	라틴족
2314	모나리자 뜻
2315	모나리자 정보 및 위치
2316	레오나르도 다 빈치 직업
2317	레오나르도 다 빈치 역사적 가치
2319	레오나르도 다빈치 포도밭
2320	최후의 만찬 그림 규모
2321	다빈치 사망 장소
2322	고양이 화장실 실수 원인
2323	고양이 특발성방광염
2324	고양이 특발성방광염 검사
2325	고양이 특발성방광염 치료
2326	고양이 특발성방광염 치료 후 관리
2327	고양이 화장실 관리
2328	고양이 화장실 청소 방법
2330	고양이 화장실 스트레스 요인
2331	고양이 화장실 모래 바꾸는 법
2332	제빵기기 판매량 증가 이유
2333	제빵기 사용
2334	제빵기 용량 선택 기준
2335	제빵기 반죽 양
2336	제빵기 용량 판매량 비중
2337	제빵기 구매 고려사항
2338	우리나라 인기 제빵기 브랜드
2339	물 기체 액체 고체
2340	물
2342	원자
2343	원자핵
2344	중간자
2345	양성자
2346	쿼크
2347	기본 힘
2348	다이소 저렴한 이유
2349	다이소 나라
2350	생활용품샵 매출
2351	다이소 제품 신뢰
2352	다이소 유아용품 안전
2353	다이소 코스마 아기욕조 품질검사
2354	다이소 코스마 여파
2355	다이소 안전 노력
2356	스쿼시 유래
2357	스쿼시 공인 세계스쿼시연맹
2358	스쿼시 코트 크기
2359	스쿼시 경기 규칙
2360	스쿼시 공
2361	우리나라 스쿼시 확산
2362	스쿼시 아시안 게임
2363	스쿼시 라켓볼 차이
2364	축구 등번호 처음 사용
2367	축구 등번호 7번 의미
2368	손흥민 등번호 7번
2370	기관지에 좋은 선물
2371	배즙 구입 확인사항
2372	배도라지청 구입 확인사항
2373	도라지 선물용 제품
2374	기관지에 좋은 차
2375	기관지에 좋은 영양제
2376	기관지에 좋은 보양식
2377	목관리 스카프
2378	패럴림픽
2379	패럴림픽 베이징
2380	동계 패럴림픽 종목
2381	하계 패럴림픽 종목
2382	발달 장애인 패럴림픽
2383	스페셜 올림픽
2384	스페셜 올림픽 메달
2385	스페셜 올림픽 한국
2386	우리나라 나이키 매출
2387	나이키 매출액
2388	나이키 영업이익
2389	나이키 매출액 추이
2390	샤넬 루이비통 매출액
2391	나이키 한국 인기 이유
2392	나이키 신발 국내 매출
2393	나이키 신발 리셀
2394	전세의 월세화 금리 상승
2395	금리 대출 이자 월세
2396	전세 보증사고 급증
2397	전세 사기 사례
2398	세 모녀 사건
2399	갭투자
2400	갭투자 돌려막기
2401	전세 사기 방지 서류 확인
2402	전기차
2403	전기차 장점
2404	전기차 연료비
2405	전기차 충전소 부족
2406	전기차 충전 문제
2407	전기차 가격
2409	호주 토끼 번식 문제
2410	호주 토끼 반입
2411	호주 토끼 개체 수 문제
2412	호주 토끼 농작물 문제
2413	토끼 번식력
2414	토끼 풍요의 상징
2415	토끼 개체수 대처법
2416	호주 서식 토끼 개체수
2417	전기 자전거 대 건수
2418	서울 전기 자전거 만족도
2419	공규 킥보드
2420	킥보드 헬멧 의무 법
2421	자전거 헬멧 의무 법
2422	지자체 공공 자전거 도입
2423	1인 가구 주거공간
2424	코리빙하우스
2425	코리빙하우스 개념
2426	코리빙하우스 쉐어하우스 차이
2427	코리빙하우스 셰어하우스 비교
2428	코리빙하우스 가격
2429	코리빙하우스 예약
2430	고방 코리빙하우스
2431	초등학생 개물림 사건
2433	울산 개물림 사고 견주 처벌
2434	개물림 사고 건수
2435	공공장소 려인 비반려인 갈등
2436	해수욕장 반려인 출입 문제
2437	해수욕장 반려견 입욕 제지 법
2438	정부 반려동물 증가 대응
2439	풍수지리 침대 방향
2440	풍수지리 거울 위치
2441	풍수지리 부엌 가구 배치
2442	풍수지리 부엌 개선
2443	풍수지리 책상 방향
2444	풍수지리 거실 소파 방향
2445	가상현실 가구 배치
2446	가상현실 맞춤형 집구조
2448	굶는 다이어트
2449	다이어트 방법
2450	기초 대사량
2451	운동 입문법
2452	단백질 중요성
2453	다이어트 식이섬유
2454	운동 빈도
2456	금감원 불법금융광고 건수
2457	급증 불법광고 유형 통장매매
2458	통장매매
2459	불법업자 통장매매 방식
2460	통장매매 피해자 처벌
2461	작업대출
2462	작업대출업자 수수료
2463	개인신용정보 매매
2464	소액 급전 불법 광고
2466	빌 게이츠 일론 머스크 부자 순위
2467	워런 핏 빌게이츠 부호 전성기
2470	아다니 회장 주식 재산
2471	세계 재산 순위
2474	MBTI 신뢰도
2475	확증 편향
2476	MBTI 인기 요인
2477	MBTI 역효과
2478	성격 유형 검사
2480	뮤지컬 엘리자벳 티켓 예매율
2481	뮤지컬 시장 규모
2484	회전문 관객 영향력
2486	뮤지컬 넘버 뜻
2487	에어프라이어
2488	에어프라이어 구매 확인사항
2489	에어프라이어 추천 소재
2490	에어프라이어 요리 주의
2491	에어프라이어 기름
2492	에어프라이어 세척법
2493	에어프라이어 고르는 기준
2494	다양 요리 에어프라이어
2495	오븐형 에어프라이어 오븐 차이
2496	수학여행 테마 국내 여행지
2497	국내테마 행지 추천
2498	국내 드라이브 여행지
2500	웰니스
2501	백패킹
2502	백패킹 여행지
2503	인천 여행지
2504	심한 식곤증
2505	공복혈당 수치
2506	20대 당뇨
2507	당뇨 증상
2508	당뇨 전 단계
2509	내당능장애 관리
2510	당뇨 피해야하는 음식
2511	당뇨 먹어도 되는 음식
2512	월경전증후군
2513	생리전증후군 악화 이유
2514	생리 시작 후 우울감
2515	생리전후 우울 질병
2516	월경전불쾌장애 약
2517	세로토닌
2518	여성호르몬 영양제
2519	오메가3 복용법
2520	아이 정서 발달 엄마 중요 시기
2521	아기 베개
2522	아기 뒤통수 납작
2523	아기 스마트폰
2525	아기 약먹고 토 시간별
2526	아기 몸무게 증가 추세
2527	아기 이유식 시기
2528	미국 낙태 금지법
2529	낙태 금지법 문제
2530	공중 보건 비상사태
2531	미국 공중 보건 비상사태
2534	한국 낙태 불법 기원
2535	한국 낙태 불법
2536	치앙마이 관광지
2537	치앙마이 사원
2538	치앙마이 액티비티
2539	치앙마이 액티비티
2540	치앙마이 온천 휴양지
2541	태국 프라이빗 탕 온천
2543	치앙마이 마켓
2544	역아 자연분만 위험
2545	역아 비율
2546	역아 원인
2547	둔위 태아 통계
2548	역아 정상 자세 되는 운동
2549	역아외회전술
2550	역아외회전술 불가능 산모
2551	역아외회전술 시술 방법
2552	주먹밥 역사
2554	주먹밥 재료 추천
2555	간편 냉동 주먹밥
2556	한중일 주먹밥
2557	오니기리 주먹밥 차이
2558	주먹밥 대표 음식 지역
2559	여름 초파리 원인
2560	초파리 번식력
2561	초파리 유입 경로
2562	집초파리 트랩
2563	초파리 트랩 만들기
2564	화장실 나방파리
2565	나방파리 퇴치 방법
2566	기상 후 목 어깨 뻐근 원인
2567	높은 베개 단점
2568	베개 높이 추천
2569	옆으로 자는 사람 베개
2570	엎드려 자는 사람 베개
2571	베개 소재
2572	단단한 베개
2573	베개 사용 기간
2575	서울 컨트리 클럽
2577	골프채 다양한 이유
2578	골프채 우드 헤드번호
2579	골프채 아이언 헤드번호
2580	골프채 퍼터 특징
2582	똑바로 누워 자는 사람 베개 추천
2583	옆으로 누워 자는 사람 베개 추천
2584	베개 넓이
2585	베개 굳기
2586	경추베개
2587	경추베개 선택 방법
2588	메모리폼 베개
2590	OECD 연금제도 보고서 권고
2591	OECD 연금제도 강조 이유
2592	국민연금 고갈 시기
2593	OECD 보험료율 인상 제안
2595	기준소득월액 상한 인상
2596	OECD 한국 연금제도 검토보고서 제안사항
2597	흑사병
2598	흑사병
2599	흑사병 종류
2600	흑사병 증상
2601	패렴형 흑사병
2602	흑사병 백신
2603	불면증
2604	불면증 원인
2605	불면증 개선
2606	멜라토닌 부작용
2607	수면 유도 식품
2608	체리 효능
2609	불면증 도움
2610	나트륨 역할
2611	나트륨 과다 섭취
2612	우리나라 나트륨 섭취량
2613	나트륨 섭취 줄이는 방법
2614	나트륨 줄이는 요리 방법
2615	나트륨 줄이는 국물요리 방법
2616	나트륨 줄이는 국 식사법
2617	외식 나트륨 섭취
2618	나트륨 배출 식품
2619	전국 아파트 가격 하락
2620	압구정 재건축 신고가
2621	재건축
2622	재건축 재개발 차이
2623	기준금리 부동산 영향
2626	IMF 기대인플레이션 소비자물가지수
2627	아마존 테슬라 연방 소득세
2628	구글세
2629	구글세 세금 매출 국가
2630	구글세 시행 현실화
2631	구글세 필라
2632	구글세 필라1
2633	우리나라 기업 필라1
2634	구글세 필라2
2635	추석 한가위 이름
2636	추석 송편 기록
2637	송편 이름 유래
2638	송편 솔잎 장점
2639	송편 종류
2640	송편 지역
2641	송편 반달
2642	송편 열량
2643	송편 칼로리 줄이는 법
2644	에세이 시작
2645	WTO
2646	WTO 예산
2647	WTO 사무총장
2648	WTO 핵심기능
2649	한국 WTO 가입
2650	한국 WTO 분담금
2651	패럴림픽
2652	패럴림픽 신체 장애
2653	패럴림픽 청각 장애
2654	패럴림픽 유래 역사
2655	패럴림픽 명칭 유래
2656	패럴림픽 개최 주기
2657	패럴림픽 종목
2658	항저우 패럴림픽 개최
2659	식단 관리
2660	식단 관리
2661	다이어트 건강
2662	단식 효과
2664	근육량 영양섭취
2665	수면 부족 다이어트
2667	코로나 아동 비만
2668	코로나 청소년 비만 원인
2674	요양원 요양병원 차이
2675	요양원 요양병원 누구나
2676	요양원 요양병원 규제 기관
2677	요양원 부담금
2678	요양원 요양병원 비용 차이
2679	양로원
2680	양로원 종류 입소 자격
2681	무료 양로원 실비 양로원 비용
2682	단오
2683	단오
2684	단오
2685	단옷날 행사
2686	단오 풍습
2687	한식 날짜
2688	한식 식목일
2689	한식 행사
2690	크리켓 야구 시초
2691	크리켓 야구 경기 규칙
2693	크리켓 플레이 방식
2694	크리켓 피치 위킷
2695	크리켓 볼러 위킷 베일
2696	크리켓 공격권 아웃 오버
2697	크리켓 1오버
2699	맛있는 복숭아 향
2700	복숭아 통조림 레시피
2701	복숭아 아이스티 만드는 법
2702	복숭아잼 레시피
2703	복숭아푸딩 레시피
2704	복숭아 보관 냉장고
2705	복숭아 장기 보관
2706	밥 대체품
2707	쌀 영양소
2708	쌀밥 다이어트
2709	대사증후군
2710	현미 잡곡 영양
2711	잡곡밥 효능
2712	킥복싱
2713	무에타이
2714	킥복싱 유래
2715	킥복싱 세계적 인지도
2716	킥복싱 아시안게임 인기
2717	한국 킥복싱 아시안게임 성적
2718	한국 킥복싱 국제대회 성적
2720	안데르센상 의미
2722	부커상
2723	부커상 한국 작가 수상
2724	노벨문학상
2725	프랑스 콩쿠르 상
2726	한국 문학상
2727	현대문학상
2729	앞코 뾰족한 구두
2730	슬링백
2731	굽 있는 착용감 좋은 신발
2732	하지정맥 예방 구두
2733	메리제인
2734	굽 낮은 샌들 발 건강
2735	구두 유발 증상
2736	강릉 관광객수
2737	서울 강릉 자차 시간
2738	서울 강릉 ktx 소요시간
2739	강릉 카페거리
2740	강릉 초당두부
2741	강릉 두부 젤라또
2742	강릉 오죽헌
2743	강릉 해수욕장
2744	프로그램 많은 축제
2745	김제 지평선 프로그램
2746	김제시 축제 안전 정책
2747	이천 도자기 축제
2748	도자기 프로그램
2749	이도자기 축제 먹거리
2750	이천 도자기 볼거리
2753	히가시노 게이고 한국 인기
2754	용의자 X의 헌신
2755	용의자 X의 헌신 영화 흥행
2756	용의자 X의 헌신 소설 내용
2757	히가시노 게이고 백야행 출판 시기
2758	백야행 내용
2759	굿 윌 헌팅 로빈 윌리엄스 연기 평가
2760	윌리엄스 코미디언
2761	굿 윌 헌팅 아카데미 작품상
2762	굿 윌 헌팅 주인공 각본
2763	맷 데이먼 벤 애플렉 공동 각본
2764	라스트 듀얼 실화
2766	리들리 스콧 영화 여성 서사
2767	설탕 소비량
2768	대체 감미료
2769	천연 감미료 인공 감미료 차이
2770	대체 감미료 원리
2771	대체 감미료 단점
2772	대체 감미료 혈당
2773	에리스리톨 특징
2774	대체 감미료 산업
2781	수도권 과밀억제권역
2782	청년 창업 종합소득세 감면 최초
2783	스마트스토어 장점
2784	스마트스토어 판매수수료
2785	아이디어스
2786	아이디어스 입점 심사
2787	아이디어스 오프라인 매장
2788	새끼 길고양이 생존 가능성
2789	고양이 빠른 독립 이유
2790	새끼 고양이 자립 역량
2791	고양이 외로움
2792	고양이 장난감 종류
2793	고양이 낚시대 좋아하는 이유
2794	고양이 사냥 본능
2795	길고양이 질병 검사
2796	에어컨 름 유래
2797	에어컨 발명
2798	에어컨 최초 사용
2799	에어컨 행동반경 확장
2800	한국 에어컨 최초 사용
2801	한국 가정용 에어컨 보급
2802	막걸리 전통주
2803	전통주 조건
2804	민속주
2805	지역특산주
2807	전통주 혜택
2808	전통주 온라인판매 허용
2809	술담화 구독 서비스
2810	녹내장 환자
2811	녹내장 초기증상
2812	녹내장 예방법
2813	녹내장 젊은층
2814	녹내장 원인
2815	녹내장 치료
2816	녹내장 수술
2817	녹내장 실명
2818	2022년 월드컵 개최국
2819	카타르 월드컵 11월 이유
2820	아시아 국가 월드컵 개최
2821	카타르 월드컵 대한민국 첫 경기
2822	카타르 월드컵 개막전 하루
2823	카타르 월드컵 탈락국
2824	카타르 월드컵 조 편성
2825	2018 러시아 월드컵 대한민국 성적
2826	박정현 컴백곡
2827	박정현 이번 곡
2828	박정현 다른 곡
2829	박정현 포시즌스
2830	박정현 다시 겨울이야
2831	박정현 히트곡
2832	박정현 하늘을 날다 음원사이트
2833	콜레스테롤 수치
2834	혈관에 좋은 음식
2835	혈관에 좋은 음식
2836	혈관에 좋은 음식
2837	미역 콜레스테롤
2838	혈액 건강 관리
2839	이뇨 작용 방법
2840	이뇨 작용에 좋은 음식
2841	혈관에 좋은 운동
2842	임신 밤중 소변
2843	임신 중기 증상 개선
2844	임신 후기 빈뇨 증상
2845	임신 초기 밤중 소변 최소화
2846	임신 초기 탄산음료
2847	임신 소변 불편함 최소화 방법
2848	임신 소변 참기
2849	임신 소변 통증 병원 진료
2850	종합부동산세
2852	종부세 납부 기한
2853	종부세 납기 내 가산금
2854	종부세 세액 분납
2855	종부세액 부당 이의신청
2856	종부세 6월 1일 기준
2857	팀 버튼 감독
2858	팀 버튼 감독 작품
2859	조니 뎁 영화
2860	팀버튼 전시회 위치
2862	팀 버튼 특별전 형식
2863	팀 버튼 특별전 내용
2864	전시회 투어
2865	태양 탐사선
2866	태양 탐사선
2867	로켓 탈출 속도
2868	탐사선 우주 장거리 우주 비행
2869	파커 태양 탐사선 금성
2870	파커 탐사선 태양 근접 기록
2871	파커 탐사선 녹지 않은 이유
2873	해외직구 증가 상품
2874	해외직구 이유
2875	해외직구 연령층
2876	해외직구 단점
2877	해외직구 제한 상품
2878	해외직구 가전제품
2879	해외직구 신뢰성
2880	면세점 직구 리셀
2881	우리나라 김치 종류
2882	지역별 김치 특징
2883	제주도 김치 특징
2884	동지김치
2885	김치 발효식품 효능
2886	김치의 날
2887	인어 공주
2888	인어 공주 줄거리
2889	인어 공주 애니메이션 인기
2890	인어 공주 관련 콘텐츠
2891	흑인 인어 공주
2892	할리 베일리
2893	예대금리차 확인
2894	예대금리차 공시 취지
2895	예대금리차 매월 20일
2896	예대금리차
2897	예대금리차 신용점수 함께 공시
2898	대출 금리 예금 금리 공시
2899	예대금리차 높은 은행
2900	5대 은행 예대금리차 가장 큰 은행
2902	오이 효능
2903	오이 다이어트
2904	오이 보관
2905	오이 고르는 법
2906	오이냉국 레시피
2907	오이무침 레시피
2908	오이피클 레시피
2909	오이팩 효과
2910	포항 힌남노
2911	인천 힌남노 화재
2912	12호 태풍 이름
2913	한국 무이파
2914	무이파 산둥반도 상륙
2915	13호 태풍
2916	14호 태풍
2917	난마돌
2919	황하강 문명
2920	쿤룬산맥
2921	황하 이름 이유
2922	황하강 문명
2923	산둥성 고대 유물
2924	상나라
2925	개봉 중 박스 오피스 1위
2926	영화관 안취식
2927	영화 티켓 가격
2928	영화 티켓 격 인상
2929	코로나 전후 한국 1인당 영화 관람 횟수
2930	연간 영화관 매출 및 관람객 수
2931	영화관 가격 인상에 대한 사람들 반응
2932	영화관의 고급화 방식
2933	한 영화를 여러번 보는 사람 용어
2934	파쿠르 맨몸 이동
2935	파쿠르 기술 동작
2936	파쿠르 기본 기술
2937	파쿠르 특징
2938	파쿠르 공식 스포츠
2939	세계 파쿠르
2940	파쿠르 효과
2941	우리나라 파쿠르 유래
2942	국내 파쿠르 공원
2943	청와대 개방
2944	청와대 방문
2945	청와대 방문 예약
2946	청와대 개방
2947	청와대 볼거리
2948	청와대 개방
2950	청와대 관리
2951	20세기 한국 인구
2952	남녀 성비 한국균형
2953	한국 저출산 문제
2954	경제활동 여성 출산율
2955	저출산 문제 대책
2956	정부 저출산 대책
2957	저출산 고령사회 기 계획
2958	손목 통증
2959	손목터널증후군
2960	손목터널증후군 대상
2961	손목터널증후군 진단
2962	손목터널증후군 위험성
2963	손목터널증후군 악화
2964	손목터널증후군 치료
2965	손목터널증후군 컴퓨터 사용
2966	손목터널증후군 개선
2967	점성술 서구 인기
2968	불안정한 미래 점성술 인기
2969	케플러 점성술사
2970	점성술 유래
2971	점성술 전파 과정
2972	점성술 변천
2973	한국 사주 점성술
2974	임신 전 준비
2975	신혼부부 임신전 검사
2976	임신 전 주의
2977	임신 준비 섭취 영양소
2978	임신 엽산 필수 영양소
2979	임신 엽산 여자만 섭취
2980	임신 준비 건강 생활 습관
2981	임신 전 부부
2982	모니터 로우 블루라이트 기능
2983	플리커 현상 플리커 프리
2984	플리커 제거 이유
2985	모니터 시력 보호 기능
2986	마이크 내장 모니터
2987	모니터 베젤리스 효과
2988	모니터 패널 추천
2989	모니터 관련 질환
2990	과거 환갑 의미
2991	환갑 유래
2992	환갑 나이
2993	해외여행 부담
2994	제주도 가족여행 코스
2995	환갑 용돈박스
2996	환갑잔치
2997	돌 환갑 통계
2998	작년 출산율
2999	구여권 신여권
3000	여행 준비물
3001	여행 약 준비
3002	태국 여행 안전
3003	태국 주류 판매
3004	원푸드 다이어트
3005	요요현상
3006	요요현상 이유
3007	요요현상 방지
3008	다이어트 방법
3009	다이어트 식단 조절
3010	다이어트 꿀팁
3011	다이어트 잠 줄이기
3013	대형마트 퀵커머스
3014	마이크로풀필먼트
3015	동네마트 퀵커머스
3016	퀵커머스 장점
3017	당일배송 서비스 품목
3018	백화점 퀵커머스
3019	퀵커머스 배송비
3020	키위 입 천장
3021	알레르기 인식
3022	알레르기 정도
3023	알레르기 원인
3024	어른 알레르기
3025	성인 아토피 증상
3027	런치플레이션 간단
3028	런치플레이션 이유
3029	런치플레이션 지속
3030	정부 인플레이션
3031	식품업계 상황
3032	인플레이션 미국 금리 인상
3033	고물가 시대 소비 양극화
3035	반 클라이번 콩쿠르
3036	임윤찬 연주곡
3037	리스트 초절기교 연습곡
3038	초절기교 연습곡 작곡가 리스트
3039	라흐마니노프 협주곡
3040	라흐마니노프 협주곡 평가
3041	임윤찬 피아니스트 콩쿠르 우승 혜택
3042	빨래 냄새 원인
3043	빨래 적 실내 습도
3044	여름 습도 낮추기
3045	빨래 신문
3046	빨래 쉰내 해결
3047	빨래 식초
3048	HPV백신 남성
3049	HPV백신 남성 제외 이유
3050	HPV바이러스 성별
3051	음경암 치명률
3052	HPV 백신 남성 예방 효과
3053	HPV바이러스 정자 영향
3054	HPV 감염 남성 여성 영향
3055	여수 볼거리
3056	여수 특산물
3057	거문도 명소
3058	여수 저녁 여행지
3059	여수밤바다 관광지 입장객 수
3060	종이의 집 한국판
3061	유지태
3062	유지태 예능 출연
3063	유지태 부부
3064	유지태 대표작
3065	유지태 종이의집 역할
3066	유지태 감독 첫 작품 평가
3067	유지태 장편영화 평가
3068	고양이 배변 훈련
3069	고양이 배변 후 모래 덮기
3070	고양이 배변 냄새
3071	고양이 그루밍 시간
3072	고양이 그루밍 이유
3073	고양이 체온 조절
3074	고양이 정상 체온
3075	고양이 혓바닥
3076	거실 깔끔 느낌 커튼
3077	커튼 실내온도 보온 효과
3078	여름 커튼 실내 온도
3079	사생활 보호 커튼
3080	암막커튼 아기방
3081	커튼 설치 방식
3082	베란다 블라인드 나무 소재
3083	커튼 세탁 전문가
3084	컴활
3085	컴활 급수
3086	컴활 급수 차이
3087	컴활 자격증 시험 응시
3090	한국사 시험 합격률
3091	경기도 행정안전부 건의안
3092	지방세 신고포상금 현행기준
3093	경기도행정안전부 건의안
3094	신고포상금 제도
3095	포상금 지급대상자
3096	포상금 신고
3097	지방세 신제보자 비밀 보장
3098	국세 탈세 신고 포상금
3099	국세 지방세 징수 규모
3100	싱가폴 여행지
3101	싱가포르 대표 음식
3102	싱가포르 관광지 미술관
3103	싱가포르사자 모양 동상
3104	싱가포르 보타닉 가든
3105	싱가포르대표 관광지
3106	싱사포르 유니버셜 스튜디오
3107	싱가포르 센토사 섬
3108	블루투스 키보드
3109	매직 키보드
3110	기계식 키보드 휴대성
3111	기계식 키보드 청축 갈축 적축 차이
3112	기계식 키보드 핫스왑 모델
3113	저소음 기계식 키보드
3114	휴대성 최우선 키보드
3116	국민연금
3117	국민연금 의무
3118	국민연금 지역 가입자
3119	국민연금 지역 가입 불가
3120	국민연금 임의 가입자
3121	국민연금 지역 가입자 연체
3122	국민연금 보험료 체납
3123	국민연금 추납보험료
3124	임신 초기 특징 주의사항
3125	입덧 시기 증상
3126	임신 중기
3127	임신 중기 운동
3128	임신 말기
3129	임산부 피해야 할 영양제
3130	임산부 필수 영양제
3131	임산부 몸에 좋지 않은 음식
3132	탄산음료 당분
3133	탄산수 당분
3134	무설탕 음료
3135	제로 슈가 식품
3136	대체당
3137	대체당 과다섭취
3138	탄산수 과다섭취
3139	청량 음료
3140	나르시시즘
3141	나르시시즘 유래
3142	심리학계 나르시시즘 용어
3143	나르시시즘
3144	나르시시즘 관련 작품
3145	나르시시즘 SNS 노출
3146	자취방 체크 리스트
3147	자취 요리용 기본 물품
3148	자취 요리 유투버
3149	자취 식재료 처리
3150	자취방 주방 청소
3151	자취방 화장실 청소
3152	자취방 먼지 청소
3153	일반 사격 스포츠 사격 차이
3154	스포츠 사격 기원
3155	총기 현대화 스포츠 사격
3156	사격 올림픽 종목 채택
3157	사격 올림픽 세부 종목
3158	사격 올림픽 본선 결선
3159	사격 예선
3160	한국 올림픽 사격 첫 금메달
3161	페럿 가축화
3162	페럿 야행성 주행성
3163	페럿 중성화
3164	페럿 성격
3165	페럿 케이지
3166	페럿 화장실
3167	페럿 케이지 화장실
3168	페럿 화장실 외 배변 처치
3169	적금
3170	적금 해지 이자 보통예금
3171	비과세 적금
3173	투자신탁 펀드
3174	헤지 펀드
3175	인덱스 펀드
3176	종합주가지수 코스피
3177	아침 빵 추천
3178	맥모닝 세트 메뉴 구성 가격
3179	맥모닝 인기
3180	맥모닝 판매 시간
3181	맥도날드 신메뉴
3182	페퍼로니 메가 피자 버거
3183	페퍼로니 메가 피자 버거 가격
3184	페퍼로니 피자 버거 가격
3185	영끌 뜻
3186	영끌 생겨난 이유
3188	2030 영끌 얼마나
3189	2030 영끌 평균 빚
3190	영끌 대출 금리 이자 부담
3191	8월 서울 아파트 역전세난
3192	가계부채 증가율 위험성
3193	번아웃
3194	번아웃 증상
3195	번아웃 극복방법
3196	번아웃 원인
3197	번아웃 증상
3198	번아웃 불면증
3199	번아웃 근육통
3200	불안증 우울증 차이
3201	우울증 극복
3202	탑꾸
3203	탑로더
3204	탑로더 포토카드
3205	탑꾸
3206	탑꾸 준비물
3207	탑꾸 하는 법
3208	탑꾸 쉽게 하기
3209	등산 다이어트
3210	등산 방법
3211	등산용 레깅스
3212	등산 두꺼운 옷
3213	등산화
3214	등산 스틱
3216	등산 유의사항
3217	해독 주스 체내 독소 제거
3218	디톡스 다이어트 체중 감량
3219	디톡스 과대광고
3220	디톡스 식약처
3221	레몬물 독소 제거
3222	사과 독소제거
3223	블루베리 해독
3224	포도 디톡스
3225	아파트 반려견
3226	견종 털빠짐
3227	견종 짖음
3228	푸들 성격
3229	슈나우저 성격
3230	강아지 입양 준비 용품
3231	강아지 병원 진료
3232	강아지 사회화 교육
3233	초콜릿 종류
3234	이미테이션 초콜릿
3235	카카오 성분
3236	초콜릿 건강
3237	다크초콜릿 정신적 이점
3238	초콜릿 주의사항
3239	다크초콜릿 카카오 함량
3240	카카오매스 카카오버터
3242	간호학과 전망
3243	전국 간호학과
3244	간호학과 등록금
3245	간호학과 지원
3247	수시 모집간
3248	직구 추세
3249	직구 방법
3250	구매대행 장단점
3251	배송대행 방법
3252	해외직구 결제 카드
3253	해외 직구 배송 주소
3254	비친족 가구
3255	룸메이트 하우스메이트 비친족가구
3256	비친족 가구 경제적 안정감
3257	전통적 가족 제도 탈피
3258	생활 동반자법
3259	생활 동반자법 여러 생활공동체
3260	가족 여러 형태 분화
3261	전형적인 가족제도 부족
3262	아침 빵 추천
3263	토스트
3264	토스트 요리법
3266	빵 종류
3267	햄버거 종류
3268	햄버그 스테이크 유사
3269	라이스버거 건강
3270	울산 우승 세리머니
3271	울산 제주 경기 결과
3272	울산 조기 우승 확정
3273	울산 이호 은퇴 경기
3274	이호 울산 통산 우승
3275	이호 울산 레전드 월
3276	울산 우승 횟수
3277	울산 홍명보 소감
3278	영국 여왕 사망
3279	영국 여왕
3280	엘리자베스 여왕 승계 이유
3282	엘리자베스 2세 자녀
3283	영국 새 국왕 즉위
3284	찰스 3세 다이애나
3285	찰스 3세 카밀라 불륜관계
3286	검수완박
3288	검찰청법
3289	검수완박 추진 이유
3290	수사 기소 분효과
3291	검수완박 검찰 입장
3292	검수완박
3293	검수완박 개정 내용
3294	삼겹살
3295	돼지 안심
3296	돼지 등심
3297	돼지 앞다리살
3298	돼지 특수부위 도깨비살
3299	돼지 특수부위 주먹살
3300	돼지 토시살
3301	돼지 갈매기살
3302	금감원 실손의료보험 중복 가입
3303	실손보험 중복가입자
3304	실손보험 중복가입 건수 많은 이유
3306	실손보험금 100만원
3307	실손보험 중복 가입자 보험료 부담
3309	개인실손보험 재가입 선택권
3310	실손보험 중복가입 해소방안 소비자 안내 강화
3311	실손보험 중복가입 방안 언제
3312	달걀 생산정보
3313	계란 사육환경 번호
3314	방사 계란 케이지 계란 차이
3315	유정란 무정란 차이
3316	계란 무게 분류
3317	계란 껍데기색 차이
3318	흰색 계란
3319	계란 유통기한
3320	히치콕 감독 영화
3321	싸이코 원작 소설
3322	히치콕 대표작
3323	맥거핀 뜻
3324	히치콕 영화 뮤지컬
3325	서스펜스 스릴러 차이
3326	히치콕 영화 리메이크
3328	여름 과일 수요 가격
3329	수박 가격
3330	참외 가격
3331	수박 가격 공급 출하량
3332	수박 농사 기상 여건
3333	수박 수요
3334	수박 매출 증가
3335	농가 수박 소득
3336	스마트폰 중독
3337	스마트폰 폰 악영향
3338	스마트폰 중독 실태
3339	마트폰 한국 평균 사용 시간
3340	한국 스마트폰 중독
3342	청소년 스마트폰 중독 치료
3343	아이 스마트폰독 예방
3344	스마트폰 중독 예방
3345	바지락 해감
3346	바지락 칼국수 채소
3347	칼국수 끓이기
3348	칼국수 이름
3349	칼국수 종류
3350	장칼국수
3351	장칼국수 강원도
3352	장칼국수 종류
3353	마시는 차 6대 분류
3355	백차 효능
3356	녹차
3357	청차 황차
3358	우롱차
3359	홍차
3360	흑차
3362	녹차 백차 홍차 우리는 법
3363	금융채무 불이행자
3364	금융채무 불이행자 연체 기간
3365	금융채무 불이행자 보험료
3366	ㄴ드 대금 연체 위기 대처법
3367	공적 사적 채무조정제도
3368	개인회생 채무 면제
3369	개인회생 유리한 경우
3370	개인워크아웃 장단점
3372	추석 교통 혼잡
3373	서울 대전 귀성 소요 시간
3374	사회적 거리두기 해제 이동량
3375	추석 통행료 면제 날짜
3378	추석 차례 기본 음식
3379	조선시대 추석 명절
3380	전복 미
3381	전복 크기 분류
3382	전복 크기 맛
3383	전복 보양식품
3384	전복 성분
3385	전복 다양 요리
3386	전복 버터구이
3389	고교야구 주말리그
3390	고교야구 전반기 후반기
3391	전반기 황금사자기 고교야구
3392	황금사자기 역대 우승팀
3393	후반기 청룡기 고교야구
3394	제77회 청룡기 우승팀
3395	봉황대기 고교야구 대회
3396	프로야구 드래프트
3397	모기물린곳 가려운 이유
3398	모기물린곳 긁으면
3399	모기물린곳 대처
3400	모기 연고 성분
3401	모기물린곳 부음
3402	모기 알레르기 대상
3403	모기에 물리지 않는 법
3404	모기기피제
3405	동물 유기
3406	휴가철 동물 유기
3407	유기 동물 처분
3408	동물보호법
3411	반려동물 보유세
3412	해외 반려동물 보유세
3413	동물 유기 진료비방안
3414	해외여행 준비물
3415	여권 종류
3416	여권 발급
3417	여궐 발급
3418	해외여행 비자
3419	해외 여행 출국 절차
3420	자동 출국심사 이용 방법
3421	해외여행도움 받을 기관
3422	충치 치약
3423	불소치약 주의점
3424	잇몸 염증 치약
3426	치약 행구기
3427	치약 종류
3428	아나키즘
3429	아나키즘
3430	아나키즘 시초
3431	집산주의적 아나키즘
3432	동양 아나키즘
3434	한국 아나키스트
3435	아나키즘 비판
3436	손톱 물어뜨는 버릇 이유
3437	손톱 물어뜨는 버릇 이유
3438	손톱 물어뜯기 심리상태
3439	손톱 물어뜯을때 방법
3440	손톱 물어뜯기 부작용
3441	손톱 물어뜯을때 방법
3442	손톱 물어뜯기 대처방법
3443	손톱 물어뜯기 약물치료
3444	검정고무신 작가
3445	검정고무신 작가 최근
3446	검정고무신 작가진
3447	검정고무신 원고료
3448	검정고무신 원고료 기업 주장
3449	검정고무신 극장판
3450	검정고무신 극장판 내용
3451	검정고무신 첫 극장판
3452	검정고무신 굿즈
3456	농구 포지션
3459	포인트 가드
3461	스몰 포워드 특성
3462	파워 포워드 역할
3463	센터
3464	실내 습도 건강
3465	습도 피부 병
3466	적 습도
3467	냉각식 제습기 원리
3468	에어컨 제급 기능
3469	제습기성능 지표
3470	제습기 에어컨 청결
3471	제습기 필터 청소
3472	에어컨 제습 기능
3473	연령별 난청
3474	노화 난청
3475	노인성 난청 증상
3476	노인성 난청 치매
3477	노인성 난청 치매 원인
3478	노인성 난청 예방법
3479	난청 위험 요인
3480	노인성 난청 보청기
3481	사춘기
3482	사춘기 특징
3483	사춘기 뇌
3484	사춘기 부모
3485	사춘기 부모 노력
3486	가보자고 오히려좋아
3487	아이들 스트레스 해소
3488	한국개발연구원 법인세 인하 주장 반박
3489	법인세법 개정안
3491	법인세 감세 투자자 혜택
3492	KDI 주식 투자 인구 수
3493	법인세 감세 국민 노후 소득 보장
3494	KDI 법인세 부담 노동자
3495	한계세율 인상 임금 수준 감소
3496	법인세 인하 세수 감소 과도한 우려
3497	법인세 인하 세수 증대 예상
3498	전기 자동차
3499	전기차 판매 건수
3500	전기차 보조금 추이
3501	전기차 충전기
3502	전기차 급속충전기 최대 80% 제한
3504	전기차 배터리 관리
3506	전기차 화재 원인
3507	이상한 변호사 우영우
3508	이상한 변호사 우영우 세계 반응
3509	이상한 변호사 우영우 제작사
3510	에이스토리 주가
3511	에이스토리 주가 반등
3512	우영우 방송
3513	채널ENA KT 시즌 관계
3514	우영우 극중 변호사 출신
3515	아이 집중력 떨어짐
3516	집중력에 좋은 음식
3517	집중력에 좋은 음식
3518	두뇌에 좋은 과일
3519	두뇌 활동 좋아지는 법
3520	집중력 키우는 운동
3521	집중력 키우는 법
3522	집중력 키우는 법
3523	두뇌 게임 원리
3524	증권계좌 주식계좌 개설
3525	코스피 코스닥 차이
3526	기준금리 주가
3527	달러투자 방법
3528	리딩방 사기 대다수
3529	주식 보유 기간
3530	주식 투자 원칙
3532	15억 주택담보대출 규제 완화 이유
3533	15억 이하 아파트 가격 부작용
3534	LTV 적용 기준 완화
3535	LTV
3536	투기과열지구 조정대상지역 LTV
3538	근로장려금 자격요건 우편물
3540	근로장려금 지급액 차등 지급
3541	근로장려금 1가구당
3542	근로장려금 신청기간
3543	근로장려금 기한 후 신청
3544	근로장려금 준비 서류
3545	수두 전염성
3546	수두 예방접종 효과
3547	수두 잠복기
3548	수두 초기 증상
3549	수두 발진 증상
3550	수두 등교
3551	수두 예방접종 언제
3552	예방접종 확인
3553	집 취미 추천
3554	OTT서비스
3555	넷플릭스 유명
3556	넷플릭스 장점
3557	넷플릭스 자체 콘텐츠
3558	OTT서비스
3559	넷플릭스 가격 인상
3560	넷플릭스 구독료
3561	영화 헌트
3562	헌트 출연진
3563	헌트 감독
3564	헌트 성적
3565	헌트 손익분기점
3566	영화관 관객 감소
3567	헌트 1위 비결
3568	헌트 해외 진출
3569	오마카세
3570	차즈케
3571	스키야키
3572	일본 나베요리
3573	일본 덮밥요리 역사
3574	돈부리
3575	일본 식문화
3576	여름 제철 과일
3577	여름 수박
3578	참외 제철
3579	여름 제철 과일 포도
3580	포도 종류
3581	복숭아 제철 종류
3582	털 황도 백도 천도
3583	도넛 복숭아
3587	오픈런 이유
3590	명품 오픈런 인기
3591	명품 인기
3592	개인형 IRP 노후자금
3594	IRP 연말정산 세액 공제
3595	IRP 디폴트옵션
3596	디폴트 옵션
3598	IRP 연금 승계
3599	필라테스 허리
3600	필라테스
3601	필라테스 자세 교정
3602	필라테스 기구
3603	필라테스 기구
3604	필라테스 어린이
3605	필라테스 요가 차이
3607	사천 에어쇼
3608	사천 에어쇼 중단 이유
3609	사천 에어쇼 곡예비행 횟수
3610	사천 에어쇼 볼거리
3611	사천 에어쇼 비행기 전시
3612	사천 에어쇼 부대행사
3613	사천 에어쇼 행사
3614	사천 에어쇼 체험 행사
3615	독일 분데스리가
3616	손흥민 분데스리가
3617	손흥민 바이어 레버쿠젠
3618	차두리 분데스리가
3619	차범근 축구교실
3620	차범근 축구상
3622	몬스테라
3623	몬스테라
3624	흰색 몬스테라 변이
3626	몬스테라 알보 인기
3627	몬스테라 키우기 준비물
3628	공황장애
3629	자율신경계
3630	자율신경계 작용
3631	자율신경계 다한증
3632	다한증 치료 방법
3633	자율신경계 검사
3634	자율신경계 불면증
3635	자율신경계 수족냉증
3636	피로 원인
3637	비타민 B 다이어트
3638	티아민 엽산
3639	비타민B 결핍
3640	비타민B 영양제
3641	비타민 B 영양제 구매 시 주의사항
3642	비타민 B 섭취 시간대
3643	비타민B 과다복용
3644	김홍도
3645	김홍도 작품 특징
3646	김홍도 작품
3647	김홍도 작품
3648	김홍도 호랑이 그림
3649	김홍도 작품
3650	김홍도 폭포 그림
3651	김홍도 풍속화
3652	이어팟 에어팟 차이
3653	헤드폰
3654	헤드셋
3655	블루투스 이어폰 블루투스 헤드셋 장단점
3656	무선 이어폰 무선 헤드셋 종류
3657	커널형 이어폰
3658	노이즈 캔슬링 효과
3659	저렴한 노이즈 캔슬링 헤드셋
3661	LH 청년 전세임대 신청자격
3662	LH 청년 전세임대 지원금액
3663	LH 청년 전세임대 본인 부담금
3664	집 구하기 팁
3665	LH 청년 전세임대 도배 장판
3666	이사 손 없는 날
3667	중개보수요율표 게시
3670	테니스 점수 유래
3672	테니스 라켓 고르는 방법
3674	테니스 메이저 대회
3675	안마의자 구매 고려사항
3676	안마의자 체험 필요성
3677	안마의자 브랜드
3678	안마의자 제조국
3679	안마의자 전문업체 렌탈업체 제품 차이
3680	안마의자 부가기능
3681	안마의자 크기 확인
3682	안마의자 사용 금기
3683	트림 하루 평균
3684	트림 하루 평균
3685	트림 더부룩함 완화
3686	트림 참으면
3687	트림 빈도
3688	트림 기능성 소화불량증
3689	트림 락타아제 결핍
3690	트림 위신경증
3692	그린플레이션
3693	기후변화 비용
3694	그린플레이션 역습
3695	전기자 리튬 가격 상승
3696	친환경 에너지 원자재 가격 상승
3697	친환경 에너지 전환
3698	아이브 컴백일
3699	아이브 컴백곡 소개
3700	아이브 신곡 장르
3701	아이브 애프터 라이크 수록곡
3702	아이브 컴백 진입 성적
3703	아이브 초동
3704	아이브 음방 성적
3705	아이브 인기 요인
3706	하와이 여행 중심
3707	하와이 오하우섬 볼거리
3708	하와이 푸른 바다 추천
3709	하와이 별 관측 명소
3710	하와이 액티비티 체험
3711	하와이 쇼핑 프리미엄 아웃렛
3712	하와이 음식 커피
3713	하와이 팁 문화
3714	튤립 파동
3715	튤립 파동 거대 경제 거품
3716	튤립 원산지
3717	튤립 투자 과시 풍조
3718	튤립 열풍 당시 가격
3719	선물거래
3720	튤립 공급 과잉 현상
3721	튤립 파동 이후
3722	로또 어원
3723	최초의 복권 이탈리아
3724	로마 시대 복권
3725	유럽 복권 유행
3726	1800 복권 사업 위기
3727	조선시대 복권
3728	한국 최초 복권
3729	주택복권
3730	손흥민 챔피언스리그 프랑크푸르트 멀티골
3731	손흥민 챔피언스리그 프랑크푸르트전 첫 골
3732	손흥민 케인 합작골
3733	손흥민 챔피언스리그 프랑크푸르트전 추가골
3734	축구 발리
3735	손흥민 챔피언스리그 프랑크푸르트전 유효슈팅
3736	손흥민 챔피언스리그 프랑크푸르트전 평점
3737	토트넘 챔피언스리그 16강 조기 확정
3738	증권사 초고액자산가
3739	증권사 회계법인 법무법인
3740	증권업계 금리 상승
3741	증권사 투자금융 어려움
3742	중앙은행 기준금리 인상
3743	자산관리 수수료 실적
3744	증권사 수수료 감소
3745	증권업계 자산관리부문 수익 증가
3746	저당밥솥
3747	저당 밥솥 효과
3748	저당 밥솥 원리
3749	저당 밥솥 방식 밥맛
3750	저당 밥솥 방식
3751	저당밥솥 워시다운 방식
3752	저당 밥솥 단점
3753	저당 밥솥 밥 양
3754	강변가요제 부활
3757	강변가요제 출신 가수
3758	이선희 인기
3759	강변가요제 심사위원
3760	영화 아이캔스피크
3761	아이캔스피크 주인공 실존 인물
3762	이용수 할머니 아이캔스피크 관람
3763	아이캔스피크 줄거리
3764	아이캔스피크 주연배우
3765	아이캔스피크 제작사
3766	아이캔스피크 수상
3767	실내 공기오염
3768	실내 공기오염
3769	실내 공기오염 원인
3770	실내 공기오염 줄이기
3771	미세먼지 극성 환기
3772	공기청정기 환기
3773	30대 암
3774	착한 암
3775	갑상선 갑상선암
3776	갑상선암 초기 증상
3777	갑상선암 임신
3778	갑상선암 주의해야 할 음식
3779	갑상선암 예방법
3780	한국 계곡 여행
3781	계곡 준비물 안전
3782	계곡 유의사항
3783	계곡 주의사항
3784	계곡 주의사항
3785	오우무아무아
3786	오우무아무아 관측
3787	오우무아무아 천체 모양
3788	오우무아무아 분석
3789	오우무아무아 혜성 아닌 이유
3790	오우무아무아 형성 시기
3793	개명 신청
3794	개명 신청 서류
3795	개명신청 절차
3796	개명 허가 통지
3797	개명 불허
3798	개명 신청 횟수
3799	성씨 개명
3800	개명 허가 이후
3801	무결점 모니터
3802	무결점 모니터 일반 모니터 차이
3803	무결점 모니터 100%
3804	무결점 모니터 장점
3805	모니터 흰색 점 불량 화소
3806	보조화소 불량화소
3807	불량화소 종류
3808	불량화소 AS
3809	모니터 불량 화소 확인법
3810	승마 올림픽 정식 종목
3811	도쿄올림픽 승마 종목
3812	마장마술
3813	마장마술 채점 방식
3814	종합마술
3815	승마 금메달 독일
3816	김치냉장고 식재료 보관
3817	김치냉장고 식재료 보관
3818	김치냉장고 쌀 보관
3819	김치냉장고 김치 보관 방법
3820	김치냉장고 김치 보관 꿀팁
3821	김치냉장고 구입 고려사항
3822	김치냉장고 구입 고려사항
3823	김치냉장고 사용 주의사항
3824	김연경 근황
3825	김연경 흥국생명
3826	김연경 국내 복귀 이유
3827	김연경 은퇴 시점 계획
3828	김연경 은퇴 후 지도자
3829	김연경 국내 연봉 삭감
3830	김연경 국내 연봉
3831	여자부 보수 최대 규정
3832	한국배구 샐러리캡 인상
3833	포항 동백꽃 필 무렵
3834	포항 까멜리아
3835	동백이 포스터 촬영 장소
3837	리국수 향토 음식
3838	갯마을 차차차 공진동 촬영지
3839	포항 한반도 해가 먼저 뜨는 바다
3840	포항 전통시장
3841	맥주 원료
3842	맥주 홉
3843	홉 생김새
3844	맥주 라거 에일
3847	에일 맥주 맛
3848	라거 맥주 맛
3849	자동차보험 의무보험
3850	자동차보험 기본보험료
3851	자동차보험 기본보험료 차종
3852	자동차보험 특약요율
3853	자동차보험 가입자 특성요율
3854	무사고 운전자 보험료 할인율
3855	사고건수별 특성요율
3856	자동차보험 특별요율
3857	바흐 헨델 음악의 부모
3860	바흐 곡 특징
3861	푸가 음악
3862	바흐 자식
3863	헨델 결혼생활
3865	바흐 헨델 음악 공통점
3866	결막염 증상
3867	결막염 원인
3868	결막염 렌즈
3869	유행 눈병 결막염
3870	유행성 각 결막염 전염성
3871	결막염 방치
3872	결막염 예방법
3873	장마 결막염
3874	다래끼 원인
3875	다래끼 종류
3876	속 다래끼
3877	콩 다래끼
3878	다래끼 치료
3879	다래끼 손으로
3880	눈다래끼 예방법
3881	눈다래끼 술
3882	식음료 점자 표기
3883	업체 식음료 점자 표기 비용
3884	오뚜기 컴라면 점자
3885	시작장애인 의약품 구매
3886	점자 표기 점자
3887	안내견 출입 제한
3888	공포물 추천
3890	밀리 보비 브라운
3891	핀 울프하드
3892	기묘한 이야기 인기
3893	기묘한 이야기 줄거리
3894	기묘한 이야기 게임
3897	사운드바
3898	서라운드 사운드
3899	돌비 애트모스
3900	5.1 서라운드 사운드
3901	트위터 스피커
3902	서브우퍼
3904	멀티페어링 기술
3905	마통 마이너스대출
3906	마이너스통장 사용법
3907	마이너스통장 가입 조건
3908	신용대출
3909	마이너스통장 신용대출 비교
3910	마이너스통장 신용대출 이자
3911	마이너스통장 주의사항
3912	마이너스통장 장점 금리인하요구권
3913	금리인하요구권
3914	배구 규칙
3915	배구 한 팀 몇 명
3916	배구 리베로
3917	배구 기술 리시브
3918	배구 기술 블로킹
3919	배구 공격 기술 스파이크
3920	배구 유래
3921	배구 volleyball 명칭
3922	무인 점포 업종
3923	무인 점포 확산
3924	무인운영 장점
3925	무인점포 단점
3926	무인점포 범죄
3927	무인점포 문제점
3928	무인점포 CCTV 범죄 예방 효과
3929	무인점포 범죄 예방
3930	선글라스 수명
3932	선글라스 렌즈 색
3933	선글라스 렌즈색 자외선 차단 관련
3934	선글라스 렌즈 색상 선택
3935	선글라스 렌즈 크기
3936	큰 선글라스 추천 이유
3937	자외선 눈 영향
3938	소비자물가 상승률
3939	은행채 금리 인상 원인
3941	한국은행 기준금리
3942	가계대출 금리 기준금리
3944	우대형 안심전환대출 조건
3945	주택담보대출 이자 갚지 못하면
3946	노르웨이 숲 고양이
3947	고양이 미용
3948	고양이 목욕 주기
3950	고양이 거품 토
3951	고양이 무는 이유
3953	고양이 영양제
3954	커피머신 종류
3955	편리 커피머신
3956	캡슐커피머신 브랜드
3957	캡슐커피머신 라떼
3958	캡슐커피머신 부가기능
3959	캡슐커피머신 캡슐 가격
3960	캡슐커피머신 호환
3961	캡슐커피머신 고려사항
3962	여름 노래 추천
3963	여름 노래 2위
3965	가수 서연 여름 안에서
3967	쿨 해변의 여인 판매량
3968	해변의 여인 2020 버전
3969	폴킴 해변의 여인
3970	베개 구매 기준
3971	푹신 베개 단점
3972	수면 중 움직임
3973	딱딱 베개 단점
3974	굴곡 베개 단점
3975	베개 고르는 법
3976	목 길이 측정법
3977	베개 높이 외 고려사항
3978	베개 가로 세로 폭 길이 추천
3979	면 생리대 천 생리대
3981	생리대 성분표
3982	생리대 가격 대안
3983	생리컵
3984	생리대 사용법
3985	생리대 사이즈 선택법
3986	생리컵  안빠짐
3987	담양 관광 정보
3988	담양 유명 장소
3989	죽녹원 메타세쿼이아 길
3991	메타세쿼이아 길
3993	담양 연간 축제
3996	클렌징 세안
3997	피부 관리
3998	피부 탄력 관리
3999	우유 피부관리
4000	우유 피부관리
4001	피부 관리
4002	마이너리티 리포트 내용
4003	마이너리티 리포트 출연진
4004	필립 K. 딕 소설
4005	마이너리티 리포트 내용
4006	마이너리티 리포트 평가
4007	마이너리티 리포트 미래 모습
4008	마이너리티 리포트 흥행
4009	마이너리티 리포트 국내 흥행
4010	가래 삼키기
4011	누런 가래
4012	녹색 가래
4013	가래에 피
4014	결핵 가래
4015	기침 눕기
4016	가래에 좋은 음식
4017	금붕어 사육 역사 시작
4018	금붕어 가장 많은 품종
4019	금붕어 평균 수명
4020	금붕어 키울 때 수질 관리 중요
4021	금붕어용 사료 급여 방법
4022	금붕어 과식 병
4023	금붕어 수면 위 호흡
4024	어항 속 공기발생기
4025	왕가위 감독 작품
4026	왕가위 영화 시대적 배경
4027	중경삼림 내용
4028	중경삼림 유명 OST
4030	왕가위 감독 양조위 작품
4031	화양연화 내용
4033	영화 내 화양연화 의미
4034	뮤지컬 물랑루즈 한국 초연
4035	뮤지컬 물랑루즈
4036	물랑루즈 매시업 뮤지컬
4037	물랑루즈 수상
4038	물랑루즈 연출
4039	영화 물랑루즈
4040	영화 물랑루즈 주인공 배우
4042	방 구하는 법
4043	부동산 플랫폼 허위매물 유형
4044	월세 부담 적은 방
4045	집 볼 때 유의점
4046	소음에 덜 취약한 집
4047	원룸 주변시설 확인
4048	원룸 계약 주의사항
4049	원룸 계약 완료 후 확인사항
4050	크로스핏
4051	크로스핏 진행 방식
4052	크로스핏의 운동 목적
4053	크로스핏의 운동 종류
4054	크로스핏 운동의 장점
4055	크로스핏의 다른 장점
4056	크로스핏의 단점
4057	크로스핏 할 때 주의사항
4058	경기 순환 주기
4059	긴 주기 파동
4061	주가 선반영 경기
4062	한국 경기주기
4063	경제 지표
4064	빅맥 지수
4065	특수동물 종류
4066	애완 카멜레온
4067	카멜레온 색 변화
4069	이구아나 사육
4070	인기 애완 개구리 종
4071	오스트레일리아 청개구리
4072	화이트트리 프록
4073	콤부차
4074	콤부차 이산화탄소
4075	콤부차 역사
4076	콤부차 건강
4077	콤부차 다이어트
4078	콤부차 장점
4079	콤부차 노화
4080	콤부차 부작용
4081	주식 양도세
4082	국내주식 해외주식 양도소득세
4083	해외주식 양도소득세 매매분
4084	해외주식 양도소득세 계산
4085	국내주식 해외주식 손익통산
4086	국내주식 해외주식 손익통산 예시
4087	국내주식 대주주 기준
4088	대주주 국내주식 양도소득세율
4089	북극곰
4090	북극곰 바다표범 사냥
4091	북극곰 수영
4092	북극곰 짝짓기
4093	북극곰 멸종 위기 동물
4094	북그곰 사냥 나라
4095	분노시 유의사항
4096	분노시 유의사항
4097	화났을 때 운전
4098	화났을 때 취식
4099	화났을 때 안정하는 법
4100	화났을 때 SNS
4101	화났을 때 술
4102	화났을 때 뒷목
4103	고혈압 화 대처
4104	강아지 다리 절룩
4105	대퇴골두허혈성괴사 원인
4106	대퇴골두허혈성괴사 소형견
4107	대퇴골두허혈성괴사 증상
4108	대퇴골두허혈성괴사 증상
4109	대퇴골두허혈성괴사 치료 방법
4110	수술 후 대퇴골두 대체
4111	왁싱
4112	왁싱 면도 차이
4113	민감 피부 왁싱
4114	제모크림
4115	제모크림 면도 단점
4116	레이저 제모
4117	레이저 제모 피부 타입
4118	레이저 제모 주의사항
4119	낙산 해수욕장 싱크홀
4120	낙산 해수욕장 싱크홀
4121	낙산 해수욕장 싱크홀
4122	낙산 주변 과거 싱크홀 사태
4123	싱크홀 발생 원인
4124	낙산해수욕장 싱크홀
4125	일반 도로 싱크홀 이유
4126	낙산 해수욕장 싱크홀 피해
4127	임신중독증
4128	임신중독증 발생
4129	임신중독증 증상 발생
4130	임신중독증 고위험군
4131	임신중독증 의심 증상
4132	임신중독증 심해지면
4133	임신중독증 통계
4135	ADHD
4136	ADHD 증상
4137	ADHD 원인
4138	ADHD 치료
4139	ADHD 게임 치료
4140	성인 ADHD
4141	성인 ADHD 증상
4142	후천적 ADHD
4143	양적완화
4144	양적완화 효과
4145	양적완화 부작용
4146	양적완화 반대 개념
4147	양적긴축 효과
4148	양적긴축 부작용
4149	미국 양적긴축 한국 영향
4150	긴축발작
4151	날파리 발생 원인
4152	날파리 설거지 상관성
4153	날파리 발생 경로
4154	날파리 차단
4155	날파리 퇴치
4156	날파리 예방
4157	날파리 퇴치
4158	날파리 퇴치
4159	맥주 유래
4160	맥주 역사 유래
4161	우리나라 맥주 문화 시작
4162	영등포 맥주 수질
4163	맥주 종류 특징
4164	무알콜 맥주
4165	저칼로리 훈제연어샐러드
4166	적정 음주량
4167	당뇨
4168	우리나라 당뇨 유병률
4169	당뇨 진단
4171	당뇨 합병증
4172	당뇨 식단
4173	당뇨에 좋은 과일
4174	당뇨에 좋은 음식
4175	항공 승무원
4176	승무원 성별 명칭
4177	세계 최초 항공 승무원
4178	세계 최초 항공 승무원 간호사 이유
4179	부사무장
4180	사무장
4181	털 없는 고양이 종
4182	스핑크스 고양이 장난기
4183	고양이 입양 준비물
4184	고양이 입양 준비물
4185	반려동물 입양 경계
4186	반려동물 입양 체크
4187	반려동물 재정 여건
4188	반려묘 월평균 양육 비용
4189	정해인 할랄가이즈
4190	할랄가이즈 뉴욕
4191	GS25 할랄가이즈
4192	강릉 할랄 음식점
4193	할랄 질할 브로스
4194	이슬람 율법 금지된 음식
4195	이마트 트레이더스 새 이름
4196	이마트 트레이더스 이름 변경 이유
4197	트레이더스 연회비
4198	트레이더스 유료 회원 장점
4199	트레이더스 회원 적립
4200	트레이더스 멤버십 가입 시기
4201	트레이더스 코스트코 멤버십 차이
4202	트레이더스 카드 제한
4203	티빙 유명 콘텐츠
4204	서울체크인 인기
4205	다른 티빙 콘텐츠
4206	여고추리반 스타일
4207	여고추리반 스케일
4208	티빙 영화
4209	파라마운트 인기 콘텐츠
4210	파라마운트 자체 콘텐츠
4211	포켓몬빵 역사
4212	원조 포켓몬빵 인기
4213	포켓몬빵 희귀 띠부씰 가격
4214	포켓몬빵 띠부씰 종류
4215	포켓몬빵 신상
4216	포켓몬빵 신제품 띠부씰 종류
4217	포켓몬빵 원조 재출시 차이
4219	삼색털 고양이 품종
4221	도메스틱 쇼트헤어
4222	브리티시 쇼트헤어 품종묘
4223	캣쇼
4224	한국 캣쇼 행사
4225	고양이 반려동물 증가
4226	유기 반려동물 숫자
4229	구글 스마트 워치 건강 추적 기능
4230	핏빗 건강 추적 기능
4231	구글 스마트 워치 기능
4232	픽셀 워치 사용 시간
4233	구글 스마트 워치 가격
4235	장발장
4236	레미제라블
4237	레미제라블 의의
4238	루이 필리프 왕정 붕괴
4239	나폴레옹의 쿠데타
4240	프랑스 7월 혁명
4241	임신초기 유산확률
4243	화학적 유산 몸조리
4245	습관성 유산 원인
4246	습관성 유산 검사
4247	습관성 유산 치료
4248	습관성 유산 예방
4249	습관성 유산 예방
4250	유산 후 심리
4252	붉은 광장
4254	굼 백화점
4255	모스크바 기념품 가게
4256	모스크바 여행지
4257	모스크바 박물관
4258	사춘기 시작 나이
4259	사춘기 빠른
4260	성조숙증 키
4261	사춘기 순종적 부작용
4262	사춘기 인정 이해
4263	사춘기 변화
4264	사춘기 부모 평정
4265	2026 동계올림픽 추가 종목
4266	산악스키
4267	동계올림픽 산악스키 메달
4268	동계올림픽 산악스키 개인 종목
4269	산악스키 알프스
4270	산악스키 필요 장비
4271	산악스키 별도 기술
4272	국내 산악스키 즐길 수 있는 곳
4273	국내 산악스키 대회
4274	드레스 셔츠 칼라 종류
4275	레귤러 칼라 특징
4276	버튼다운 칼라
4277	커프스
4278	넥타이 매듭법
4279	넥타이 기원
4280	현대 사회 넥타이 등장
4281	무인점포
4282	무인 아이스크림 할인점 점포 수
4283	하이브리드형 점포
4284	무인점포 투잡
4285	무인점포 창업 용
4286	무인점포 절도 비용 계산
4288	물고기 구매 장소
4289	키우기 쉬운 물고기
4290	물고기 구입시 주의사항
4291	물고기 키우는 장비
4292	열대어 물 관리
4293	어항 물 가는 주기
4294	물고기 먹어 양
4295	물고기 스트레스
4296	담석
4297	담석 통증
4298	담석 원인
4299	담석 다이어트
4300	담석 치료
4301	담석 수술
4302	담낭 필요성
4303	담낭 수술 후 관리
4304	담낭 수술 후 부작용
4305	담석 재발
4306	파김치 쪽파
4307	파 종류
4308	쪽파 요리
4309	대파 알리신
4310	대파 아조엔 단맛
4311	아조엔 효과
4312	대파 구우면
4313	대파 성분
4314	침대 매트리스 사이즈 구분
4315	자취방 침대 사이즈
4316	싱글 매트리스 사이즈
4317	슈퍼싱글 매트리스 사이즈
4318	퀸 매트리스 사이즈 크기
4319	싱글보다 작은 매트리스
4320	매트리스 품질
4321	매트리스 품질 고려사항
4322	화성
4323	화성
4324	화성 메탄
4325	화성 물
4326	화성 자기장
4327	화성 테라포밍 자기장
4328	화성 테라포밍
4329	우리나라 글로벌 마라톤
4330	컬러런 마라톤 거리
4331	컬러 파우더 기관지 옷 오염
4332	운동 이벤트
4333	개 톤
4334	데이트 코스
4335	댕댕런 코스 길이
4336	bmw i4 모델 종류 가격
4337	bmw i4 출력 토크 제로백 사양
4338	bmw i4 주행 거리 충전 속도
4339	bmw i4 주행 보조 편의 사양
4340	폭스바겐 ID.4 프로 차체 크기 트렁크 용량
4341	폭스바겐 id4 가격 보조금
4342	폭스바겐 id4 출력 토크 제로백 사양
4344	김연경 데뷔
4345	흥국생명 2005년 김연경 기록
4346	김연경 런던올림픽 득점왕
4347	런던올림픽 여자배구 성적
4348	김연경 올림픽 메달
4349	도쿄올림픽 여자배구 순위
4350	김연경 국가대표 은퇴 이후
4351	김연경 자서전
4352	대출 금리 인하 요구 권리
4353	금리인하요구권 설명
4354	금리인하 신청 누구나
4355	저축은행 금리인하 요구
4356	금리인하요구권 신청 금융권 심사
4357	금리인하 신청 방법
4358	금리인하 신청 필요 서류
4359	금리인하 신청 결과 통지
4361	통풍 원인
4362	통풍 초기증상
4363	통풍 술
4364	통풍 대처
4365	통풍 식사습관
4366	통풍 주의사항
4367	통풍 심각성
4368	통풍 치료제
4369	통풍 치료제 개발
4370	앵겔 계수
4371	엥겔 계수 유래
4372	엥겔 계수 소득 식료품비
4373	엥겔 지수 물류비 서비스 비용
4374	수정된 엥겔 지수
4375	슈바베의 법칙
4376	최근 한국 엥겔 지수
4377	상반기 물가 상승률
4378	헤르메스
4379	마이아
4380	토트
4381	헤르메스 트리스메기스투스
4382	헤르메스 주의
4383	헤르메스 지팡이
4384	아리스
4385	토트넘 연고지
4386	토트넘 홈 구장
4387	토트넘 상징
4388	토트넘 라이벌 구단 아스날
4390	토트넘 마스코트
4392	손흥민 득점왕 골 수
4393	국내 서핑 여행지
4394	울산 관광지
4395	울산 고래 여행지
4396	울산 풍경 멋진 명소
4397	울산 여행상품
4398	간단상품 프로그램
4399	울산 여행 상품 혜택
4400	울산시 관광사업
4401	목성
4402	목성
4403	목성 대적점
4404	대적점
4405	목성 위성
4406	갈릴레이 위ㅏㅇ
4407	가나메데 위성
4409	EXID 컴백
4410	EXID 이전 활동
4411	EXID X 뜻
4412	EXID 앨범 곡
4413	EXID 뮤비 티저
4414	EXID 멤버별 사진
4415	EXID 예정 활동
4416	EXID 마지막 팬미팅
4417	미 재무부 장관 방한
4419	프렌드 쇼어링
4420	재닛 옐런 추경호 기획재정부 장관
4421	통화스와프
4422	칩4 동맹
4424	칩4 동맹 국내 반도체 반응
4425	칩4 동맹 반도체 강점
4426	조정 영국 시초
4427	조정 한국 시초
4428	조정 마라톤 힘듦
4429	조정 레인 침해 방해
4430	조정 올림픽 처음
4431	조정 올림픽 세부종목 수
4432	충주 탄금호 국제조정경기장 대회
4434	소크라테스
4435	소피스트
4436	소피스트
4437	소크라테스 소피스트
4438	소크라테스
4439	산파술
4440	소크라테스 산파 악법
4441	소크라테스 사상
4442	라파엘 나달 국가
4443	라파엘 나달 기술 특징
4444	라파엘 나달 톱스핀 rpm
4446	4대 그랜드슬램
4447	한국 테니스 그랜드슬램 16강 진출 처음
4448	이형택 그랜드슬램 16강 몇 년도
4449	이형택 은퇴 후
4450	한국프로농구 개막
4452	농구 경기 시간 4쿼터
4453	한국프로농구 휴식 시간
4454	한국프로농구 2군 리그
4455	농구 포지션
4456	농구 가드 역할
4457	농구 파워포워드 스몰포워드 차이
4458	농구 센터 역할
4459	강아지 물어뜯는 이유
4460	강아지 물어뜯는 이유
4461	강아지 분리불안
4462	강아지 분리불안 완화
4463	강아지 똥 먹는 이유
4464	강아지 학습된 식분증
4465	강아지 식분증 치료
4466	강아지 사람 유산균
4467	정부 층산소음 정책
4468	층간소음 매트 설치비
4469	층간소음 정책
4470	층간소음 해결책
4471	층간소음 벽식구조
4472	층간소음 사후 확인제
4473	층간소음 문제점
4474	층간소음 사후확인제
4475	신용점수제
4476	신용점수 산출
4477	신용점수 대출금리 변동
4478	신용점수 관리법
4479	신용점수 조회 영향
4480	신용점수 통신비 공과금
4482	신용카드 한도 신용점수
4484	에어컨 전기료 절약 기술
4485	에어컨 절약 방법
4486	에어컨 필터 청소
4487	선풍기 에어컨 에너지 소비 절약
4488	에어컨 제습 기능
4489	에어컨 절전 꿀팁
4491	지역사랑상품권
4492	지역사랑상품권 형태
4493	지역사랑상품권 할인 소득공제
4494	지역사랑상품권 사용처
4495	지역사랑상품권 온라인
4496	e서울사랑상품권 구입처
4497	e서울사랑상품권 사용처
4498	e서울사랑상품권 신용카드 혼합결제
4499	주짓수 기원
4500	주짓수 레벨 승급
4501	주짓수 승급 스승
4502	주짓수 경기 승패
4503	주짓수 아시안 게임 채택
4504	주짓수 올림픽 채택 종목
4505	한국 주짓수 아시안 게임 메달
4506	주짓수 국내 블렉벨트 보유자
4507	한국 여자 주짓수 블랙벨트
4508	겨울 이불
4509	극세사이불 원리
4510	극세사이불 세탁법
4511	구스 이불
4512	구스이불 관리
4513	여름 이불
4514	인견 소재
4515	인견 세탁법
4516	평가전 축구대표팀 소집 명단 발표
4517	평가전 NFC 소집
4518	월드컵 대표팀 카타르 출국
4519	월드컵 대표팀 국내 마지막 평가전
4520	월드컵 대표팀 국내 평가전 해외파
4521	한국 카타르 입성 평가전
4522	허드슨오도이 가나 잉글랜드
4524	임신중독증 문제
4525	임신 중독증 증상
4526	임신중독증 위험 산모
4527	임신중독증 검사
4530	임신중독증 자연분만
4531	스키점프 기원
4534	스키점프 평가
4535	스키점프 멀리 날기 공기 저항
4536	스키점프 몸무게 비거리
4537	스키점프 스키 길이 제한
4538	원래 스키점프 스키 길이 제한 규정
4539	가야금 종류
4540	정악가야금 산조가야금 차이
4541	가야금 종류 구분 기준
4542	전통 가야금
4543	가야금 줄 재질
4544	가야금 개량
4546	가야금 거문고 소리 차이
4547	산조 의미
4548	제주도 여행지 추천
4549	제주도 여행지 추천
4550	제주도 명소 추천
4551	외돌개 전설
4552	제주도 아쿠아리움
4553	제주 아쿠아 플라넷 행사 쇼
4554	성산일출봉 경치
4555	제주도 스노쿨링 장소
4556	한강공원
4558	한강 할거리
4559	한강 자전거 대여료
4560	한강 이색 활동
4562	공인중개사 응시 연령대
4563	공인중개사 합격률
4564	격증 미취득 부동산 보조 업무
4565	보조원 중개행위
4566	공제증서
4567	올해 독감 유행
4568	독감환자 수
4569	저번 독감 유행
4570	인블루엔자 예방접종
4571	인플루엔자 예방접종 무료 접종 대상
4572	독감 예방 접종 연령별
4573	어린이 예방접종
4574	독감 예방접종 장소
4576	배구 김연경
4577	김연경 세계랭킹
4578	김연경 포지션
4579	배구 리베로 역할
4580	배구 블로킹
4581	배구 플로터서브
4582	한국 여자배구 세계선수권 대회
4583	한국 여자배구 세계선수권 마지막 경기
4585	민방위대 창설
4586	민방위
4587	대만 군대 복무기간
4588	이스라엘 의무복무
4589	한국 군대 봉급
4590	한국 부사관 봉급
4591	몬스테라 알보 잎 한 장 가격
4592	변이 몬스테라 키우기
4593	몬스테라 수입 금지
4594	식테크 거래 장소
4595	식테크 사기 게시글
4596	식테크 사기 무늬 몬스테라
4597	중고거래 문제 해결
4598	의용군
4599	우크라이나 의용군자격
4600	대한민국 우크라이나 난민수용
4603	한국 해외곡물 위존도
4604	정부 곡물자급률 수단
4605	한국 자급자족
4606	청약통장
4607	청약통장 가입 이유
4608	청약통장 소득공제 혜택
4609	청약통장 우대금리
4610	청약통장 가입기간 가점
4611	청약통장 가입 추세
4612	청약통장 어느 은행
4613	청약통장 매달 납입 금액
4614	청약 당첨 계약 포기 청약통장
4616	BTS 공연 표 구매 방법
4617	아미 맴버십 표 응모 방법
4618	BTS 콘서트 추가티켓 예매기간
4619	BTS콘서트 일반예매 시작일
4620	BTS콘서트 가격
4621	BTS콘서트 TV중계
4622	병아리콩
4623	병아리콩 인도 이집트
4624	병아리콩 칼로리
4625	병아리콩 영양성분
4626	홈무스 소스
4627	병아리콩 역사
4628	병아리콩 친환경
4629	개인통관고유부호
4630	개인통관고유부호 이유
4631	개인통관고유부호 발급
4632	해외직구 이유
4633	한국 해외직구 시장
4634	해외직구 문제
4635	해외직구 비추천
4636	해외직구 환율 좋은 나라
4638	오트밀 영양소
4639	오트밀 고혈압
4640	오트밀 다이어트
4641	오트밀 먹는 법
4642	오트밀 따듯하게
4643	오트밀 우유 숙성
4644	우유 오트밀 팩
4645	향수 기본
4646	향수 노트
4647	미들노트
4649	향수 구매시 노트 고려
4650	여름 향수 추천
4651	지속력 좋은 향수
4652	마음에 안드는 향수 처리
4653	선크림 선택
4654	자외선 종류
4655	선크림 빈도
4656	선크림 사용법
4657	선크림 종류
4658	민감성 피부 선크림
4659	선크림 지성 피부
4660	선크림 건성 피부
4661	이유식 시작시기
4662	이유식 시기 늦춰도
4663	이유식 권장 음식
4664	이유식 해야 하는 이유
4665	이유식 거부 분유
4666	초기 이유식 재료
4667	이유식 먹이는 양
4668	이유식 간식
4669	아이 처음 과일주스
4670	키코
4671	키코 스마트 캐리어 소재
4672	키코 스마트 캐리어 수납공간
4673	키코 스마트 캐리어 바퀴
4674	키코 캐리어 잠금장치
4675	키코 캐리어 USB 충전 포트
4676	키코 캐리어 A/S
4677	키코 캐리어 가성비
4679	장애인 이동권
4680	교통약자 이동권 법 제정
4681	장애인 콜택시
4682	수원시 장애인 콜택시
4683	수원시 한아름 콜택시
4684	한아름 콜택시
4685	뮤지컬 엘리자벳 내용
4686	엘리자벳 죽음 역할
4687	엘리자벳 시대적 배경
4688	앨리자벳 초연
4689	엘리자벳 한국 성적
4690	이번 엘리자벳 주인공
4691	엘리자벳 이번 공연 가치 이유
4692	엘리자벳 10주년 공연 마지막 일자
4693	봄철 미나리
4694	미나리 먹는법
4695	한재 미나리 산지
4696	한재미나리 조건
4697	한재미나리 삼겹살 궁합
4698	봄 쭈꾸미
4699	쭈꾸미 서식지
4700	봄철 장흥 키조개
4701	최초의 빵
4702	신석기 시대 빵
4703	최초의 발효 빵
4704	크루와상 창시 나라
4705	한국 최초의 빵
4706	한국 최초의 빵집
4707	한국 가장 오래된 빵집
4708	서울 가장 오래된 빵집
4709	아이들 경제 교육 필요성
4710	유대인 경제 교육
4712	유대인 자선 교육 실천
4713	유대인 용돈 방식
4714	유대인 연령 별 경제 교육
4715	유대인 투자 특징
4716	유대인 교육 방식
4717	돌고래 지능
4718	돌고래 언어 능력
4719	돌고래 지역간 언어
4720	돌고래 통역사
4721	돌고래 태교
4722	돌고래 새끼 유대관계
4723	한국 바다 돌고래
4724	제주도 돌고래 관찰 가능 해안가
4725	미어캣 습성
4726	미어캣 주의사항
4727	햄스터 질환 주의
4728	골든 햄스터 습성
4729	햄스터 먹이
4730	고슴도치 사료 먹이
4731	고슴도치 수명
4732	고슴도치 목욕 방법
4733	비거니즘
4734	비거니즘 채식주의
4735	채식주의 종류
4736	비건 단백질 대체품
4737	서울 공공자전거
4738	지역별 공공자전거
4739	대전 타슈
4740	전라도 공공자전거
4741	부산 공공자전거
4742	따릉이 사용자 수
4743	따릉이 사업 수익
4745	따릉이 요금 인상
4746	페르시안 고양이
4747	페르시안 고양이
4748	이그조틱 고양이
4749	페르시안 친칠라
4750	성묘 페르시안 몸무게
4751	페르시안 털 관리
4752	고양이 유전병
4753	비대성심근증
4754	비대성 병증
4755	두리안
4756	두리안 냄새
4757	두리안 완전 익은 것
4758	두리안 효능
4759	두리안 다이어트
4760	두리안 주의사항
4761	두리안 좋은 음식
4762	두리안 나쁜 궁합
4763	코리아세일페스타
4764	코리아세일페스타 할인
4765	블랙프라이데이 직구
4766	해외직구 방법
4767	해외직구 방법
4768	해외직구 결제 카드
4769	해외직구 수수료
4770	서채현 스포츠클라이밍 시작
4772	스포츠 클라이밍 정식 종목 채택
4773	스포츠 클라이밍 스피드
4774	스포츠 클라이밍 볼더링
4775	스포츠 클라이밍 볼더링 문제 풀이
4776	스포츠 클라이밍 리드 높이
4777	스포츠클라이밍 역사
4778	페퍼민트 도움
4779	페퍼민트 호흡기
4780	페퍼민트 피로
4781	페퍼민트 완화
4782	페퍼민트 생리통 두통
4783	페퍼민트 주의사항
4784	페퍼민트 부작용
4785	페퍼민트 부작용
4786	우리나라 가장 큰 저수지
4787	예산 저지
4788	예당호 낚시
4789	예당호 관광지
4790	예당호
4791	출렁다리 안전 설계
4792	예당호 분수
4793	태풍
4794	태풍
4795	허리케인
4796	태풍 러리케인 차이
4797	저기압
4798	토네이도
4799	쓰나미
4800	쓰나미
4802	아기 이유식 시작 시기
4803	이유식 늦게 시작
4804	초기 이유식 시작
4805	이유식 시작 고려 사항
4806	이유식 알레르기 반응
4807	이유식 만드는 법
4808	시판 이유식만 제공
4809	과일 주스 생후
4811	AMS
4812	기아 EV6 세부 평가
4813	EV6 편의 점수
4814	EV6 가속성능 테스트
4815	EV6 AMS 평가
4816	EV6 속도
4817	EV6 모터 회전수
4818	제로 웨이스트
4819	제로 웨이스트 인기
4820	소비 SNS
4821	에코 마케팅 기업
4822	제로 웨이스트 전용 마켓
4823	쓰레기 물품 교환 품목
4824	서울시 제로서울
4825	제로 웨이스트 참여 방법
4826	서울 환경 보호 캠패인
4827	향수 사용기한
4828	향수 보관법
4829	향수 지속력
4830	향수 뿌리는 방법
4831	향수 지속력 높이는법
4832	오드투알레트
4833	안 쓰는 향수 활용법
4834	안 쓰는 향수 활용법
4835	향수 사용 주의사항
4836	에르메스
4837	에르메스 대표가방
4838	에르메스 가방 구매
4839	에르메스 켈리백 버킨백 대기
4840	에르메스 가방 생산
4841	에르메스 켈리백 이름 스토리
4842	에르메스 가죽 제품 특징
4843	버킨백 이름 계기
4844	여성 난임 원인
4845	상세불명 난임
4850	난임 시술 정부 지원
4852	캠핑 유행
4853	승용차 차박
4854	캠핑용품 가격
4855	가벼운 소풍
4856	서울 근교 당일 캠핑장
4857	캠핑용품 없이 글램핑
4858	럭셔리 글램핑장
4859	무산소 운동
4860	무산소 운동
4861	무산소 운동 추천
4862	클라이밍 장비
4863	암벽화
4865	클라이밍 환경
4866	클라이밍 운동 효과
4867	한국식 중국식 짜장면 소스 차이
4869	짜장면 국민음식 반열
4870	짜장면 종류
4871	두반장 춘장 차이
4873	블랙데이 유래
4874	마드리드 관광지
4875	마드리드 솔 광장
4876	마드리드 시장
4877	마드리드 왕궁
4878	마드리드 마요르 광장
4879	마드리드 핑 거리
4880	마드리드 신전
4881	마드리드 국립 소피아 왕비 예술센터
4882	소아백혈병 증상
4883	소아백혈병 초기 진단
4884	소아백혈병 골수검사 통증
4885	소아백혈병 항암치료
4886	소아백혈병 완치율
4887	소아백혈병 유전
4888	소아백혈병 종류 치료기간
4889	소아백혈병 의료비 정부 지원
4890	산후 얼굴 까만 점
4891	기미 피부과
4892	자외선 차단제 효과
4893	자외선 차단제 바르는 법
4894	선크림 적정량
4896	비타민C 피부 미용
4897	비타민C 화장품
4898	비타민C 화장품
4899	중이염 부위
4900	중이염 원인
4901	중이염 통계
4902	아이 중이염 취약 이유
4906	드라마 명동백작
4907	EBS 문화사 시리즈
4908	이봉구
4909	예전 명동 느낌 장소
4910	박인환
4911	모더니즘
4912	명동백작 비슷 컨텐츠
4913	낭독공연 시청
4914	식당 화재보험
4915	식당 화재보험 의무
4916	식당 화재보험 보상 범위
4917	소규모 음식점 재난 발생시
4918	음식점 화재 사례
4920	물류창고 화재보험 가입
4921	물류창고 화재 현황
4922	물류창고 배상책임보험
4923	군주론
4924	마키아벨리
4925	르네상스인
4926	군주론
4927	메디치 가문
4928	마키아벨리
4929	마키아벨리즘
4930	망고 비싼 이유
4931	망고 품종
4932	애플망고
4933	국내 애플망고 재배지
4934	수입산 국내산 망고 차이
4935	수입산 증열처리
4936	망고 고르는 법
4937	망고 자르는 법
4938	망고 보관법
4939	불면증
4940	불면증 진단
4941	불면증 수면장애
4942	불면증 원인
4943	불면증 환자수
4944	불면증 커피
4945	불면증 극복 생활습관
4946	불면증 치료
4947	불면증 수면다원검사 건강보험
4948	식기세척기 인기
4949	식기세척기 고려사항
4950	식기세척기 공간
4951	식기세척기 공간 문제 해결
4952	식기세척기 애벌세척
4953	식기세척기 애벌세척 상황
4954	식기세척기 소음
4955	식기세척기 주의점
4957	장판
4958	데코타일
4959	강화마루
4960	강마루
4961	온돌마루
4962	원목마루
4963	사람 얼굴크기 공 모양 버섯
4964	댕구알버섯 첫 발견
4965	댕구알버섯 이름 유래
4967	댕구알버섯 특징
4968	댕구알버섯 식용
4969	댕구알버섯 효능
4970	댕구알버섯 가격
4971	세계 고양이의 날
4972	고양이 키울 때 주의사항
4973	고양이 높은 곳 본능
4974	캣타워 장점
4975	고양이 스크래쳐 왜 필요
4976	고양이 배변모래 선택
4978	고양이 산책
4979	반려묘 기침 주의
4980	자동차 기본보험료
4981	자동차 보험 할증 기준
4982	자동차 특약요율
4983	가입자 특성요율
4984	자동차 보험 운전 경력 보험료
4985	교통 법규 위반 보험료
4986	사고건수별 특별요율
4987	진통제 원리
4988	진통제 인체 영향
4989	진통제 과다복용
4990	아세트아미노펜
4991	음주 아세트아미노펜
4992	커피 아세트아미노펜
4993	주스 아세트아미노펜
4994	아세트아미노펜 주의점
4995	서번트 리더십
4996	서번트 리더십
4997	서번트 리더십 전통적 리더십
4998	서번트 리더십 역효과
4999	서번트 증후군
5000	백 오피스
5001	프런트 오피스
5002	유니콘 기업 용어
5003	개인사업자 세금
5004	법인사업자 세율
5005	개인사업자 법인사업자 근로소득
5006	법인 창업 대표이사 지분
5007	창업중소기업 세액 감면
5008	창업중소기억 세액 감면 기준
5009	창업 업종 다른 업종 추가 감면
5010	어린이집 우선순위
5011	아이돌봄 서비스
5012	아이돌봄 서비스 지원
5013	아이돌봄서비스 이용시간
5014	아이돌봄 일시연계서비스
5015	아이돌봄서비스 신청 방법
5016	아이돌봄서비스 국민행복카드
5017	한부모가족 아동양육비 지원
5018	토르 마블
5019	마블시네마틱유니버스
5020	마블스튜디오 제작사
5021	박찬욱 영화
5022	박찬욱 전작
5023	헤어질결심 내용
5024	헤어질결심 내용
5025	가우스 전자 내용
5026	가우스전자 감독과 연출진
5027	가우스전자 웹툰 원작
5028	가우스전자 출연진
5029	곽동연 데뷔 작품
5030	곽동연 출연작
5031	백현진 출연작
5032	가우스전자 방영정보
5033	앙리 마티스
5034	야수주의
5035	앙리 마티스 미술 시작
5036	앙리 마티스 붉은 방
5037	앙리 마티스 춤II
5038	앙리 마티스 야수파 작품 반응
5039	앙리 마티스 피카소 관계
5040	앙리 마티스 노년 작품 생활
5041	여행 장소 추천
5042	상사화 이름 뜻
5043	위도상사화 특징
5044	위도상사화 만개 시기
5045	위도상사화 축제
5046	위도상사화 축제 명당
5047	위도상사화 외의 볼거리
5048	해안절벽 형성 시기
5051	렘브란트 야경 손상
5053	렘브란트 자화상 시기별 특징
5054	렘브란트 처음 초상화
5057	고양이 구토
5058	고양이 헤어볼 원인
5059	고양이 헤어볼 건강 문제
5060	고양이 토 병원
5061	고양이 화분 풀
5062	비닐봉지 뜯어먹는 고양이
5063	고양이 이물질 삼키면
5064	고양이 이물질 안 삼키게
5065	호캉스
5066	호캉스 여행객
5067	호캉스 패키지 여행
5068	주요 관광지 호텔 투숙률
5069	제주도 호텔 숙박료
5070	베케플레이션
5071	전국적 관광 물가
5072	한국 추석 입국 코로나 검사
5073	추석 연휴 고속도로 통행료
5074	연휴 규제 완화
5075	대중교톡 한 칸 띄어 앉기 근황
5076	추석 서울시 대중교통막차시간
5077	추석 힌남노 태풍 피해 재난지원금
5078	동행축제 기간 연장
5079	연휴 코로나 검사소 운영
5081	경주 불국사 청운교백운교
5082	불국사 볼거리
5083	불국사 석가탑 다보탑
5084	대웅전
5085	석굴암 건축
5086	석굴암 지어진 이유
5087	경주 여행지
5088	임신 입덧 증상
5089	입덧 원인
5090	입덧 부작용
5091	입덧 약물치료
5092	입덧약 성분 부작용
5093	예비 아빠 입덧 증후군
5094	입덧 음식 완화 효과
5095	입덧 완화 새콤 음식
5096	가치소비
5097	mz세대
5098	MZ세대
5099	M세대
5100	미닝아웃
5101	미닝아웃
5102	ESG
5103	ESG 가치소비
5104	1인 가구 부업 비율
5106	1인가구 부업 활동
5107	앱테크
5108	앱테크 포인트
5109	앱테크 다양한 형태
5110	친환경 앱테크
5111	앱테크 사기 위험
5112	전라남도 순천 관광지
5113	순천 순천만
5114	순천 관광지
5115	순천 낙안읍성
5116	순천 드라마 촬영지
5117	안읍성 주변관광지
5118	순천 밤 여행지
5119	순천 대표 음식
5120	명절 음식 재료 장보기
5121	명절 송편 취식 주의사항
5122	명절 전 보관
5123	과일 보관
5124	열대 과일관 방법
5125	고기 보관
5126	기름진 음식 비닐랩
5127	기름진 음식 랩 사용법
5128	비건화장품 뜻
5129	비건화장품 천연화장품 유기농화장품 차이
5130	비건화장품 천연화장품 유기농화장품 차이
5131	크루얼티프리
5134	크루얼티프리 인증 기관
5135	비건화장품 인증 기관
5136	포르투 포트 와인
5137	포르투 포르투갈 이름관계
5138	포르투갈 항구도시
5140	포르트 건축물
5141	아줄레주 상 장소
5142	포르투 별미
5143	파리지옥
5144	파리지옥
5145	식충식물 종
5146	식충식물 생존 방식
5147	식충식물 사냥방식
5148	식충식물 키우기
5149	식충식물 먹이 주기
5150	세계 태권도 연맹
5151	태권도 올림픽 정식종목
5153	택견 문화유산 인정
5155	택견 태권도 차이
5156	청약예금통장 주택청약 저축통장
5157	주택청약 월 납입액 선택
5158	주택청약 공공분양 최대 인정 10만원
5159	주택청약 민간 분양 기준
5161	중소기업 특별공급
5162	생애 최초 특별공급 대상
5163	입덧 시기
5164	임신 증상
5165	임신 초기 유산 이유
5166	임신중독증
5167	임신중독증 원인
5169	임신중독증 예방
5170	조산
5171	과숙 분만
5173	원숭이두창 확진자 접촉자
5174	원숭이두창 접촉자 분류 기준
5175	원숭이두창 접촉자 격리
5176	원숭이두창 전파
5177	원숭이두창 증상
5179	원숭이두창 치사율
5180	원숭이두창 예방
5181	수도관 동파 예방
5182	수도관 동파 방지
5183	동파방시 수도세 영향
5184	동파 방지 수돗물 양
5185	시 동파 방지 안내
5186	수도 계량기 대금 나라 부담
5187	수도계량기 교체
5188	수량기 열선 화재
5189	바이애슬론
5190	바이애슬론 종목 뜻
5191	바이애슬론 기원 사냥꾼
5192	바이애슬론 국경 수비대 군사훈련
5193	바이애슬론 동계올림픽 정식 종목
5194	바이애슬론 규칙 난이도
5195	바이애슬론 유럽 최강국
5196	신장병 페르시안 유전
5197	다낭성신장 진단 종합 검사
5198	다낭성신장 치료
5199	유전병 취약 고양이 품종
5201	고양이 청각장애
5202	고양이 유전병 이유
5203	한국 고양이 교배 제재 법안
5204	지구 온난화
5205	해수면 상승 예상
5208	올해 홍수 태풍 피해
5209	올해 서울 폭우
5210	폭염 피해 국가
5211	2007 2008 세계 금융 위기
5213	서브프라임 모기지 사태
5214	서브프라임 모기지
5215	서브프라임 모기지 종류
5216	서브프라임 모기지 사태 전개
5217	미국 서브프라임 모기지 영향
5218	서브프라임 모기지 해외 영향
5221	계절별 모기
5222	가을 모기
5223	모기 자국 간지러움 원리
5224	모기 날개짓
5225	모기 코 귀
5226	모기 장점
5227	가정폭력 이혼 준비 법적 조치
5228	피해자 보호 명령제도
5229	가정폭력 위자료 청구
5230	가정폭력 증거자료
5231	실력 있는 변호사 구별 방법
5232	가정폭력 여성쉼터
5233	폭언 이혼 사유
5234	토익 스피킹
5235	토익 스피
5236	토익 스피킹 기업 활용
5237	단기 토익스피킹 프로그램
5239	토익스피킹 평일 시험
5240	토익 스피킹 응시료 지원제도
5241	토익스피킹 직장 생활 영어 도움
5242	손흥민 21-22시즌 득점왕
5243	EPL 득점왕 공동수상 기준
5244	손흥민 필드골 득점왕
5245	손흥민 연봉
5246	손흥민 광고 모델 수입
5247	손흥민 프로 데뷔 EPL
5248	토트넘 이영표
5249	유럽 5대 리그 한국 선수
5251	복날 삼계탕
5252	삼계탕 레시피
5253	대추 효능
5254	삼계탕 인삼 효능
5255	쌍화탕 기력 충전
5256	삼계탕 역사
5257	북한강 자전거 길
5258	북한강 자전거길 난이도
5259	춘천 의암호 자전거
5260	자전거길 근처 전철역
5261	남한강 자전거길
5262	남한강 자전거길 코스 추천
5263	팔당역 남한강 자전거길
5264	남한강 자전거길 주변 여행지
5265	강원도 관광지 추천
5266	정선 아리랑 열차
5267	동상 볼거리
5268	동강 액티비티
5269	속초 관광지
5270	케이블카 예약
5271	반려동물 동반 여행
5272	실손보험 4세대
5273	1세대 실손보험 특징
5274	2세대 3세대 실손보험 특징
5275	주계약
5276	특약
5277	4세대 실손보험 특징
5278	보험가격지수 비교
5279	보험가격지수 각 협회 홈페이지
5280	내일로
5283	내일로 유스권 유의사항
5284	내일로 구매 방법
5285	내일로 혜택역
5286	내일로 없이 KTX 요금 할인 방법
5287	청소년 드림 할인
5288	장화
5289	장화 종류
5290	레인부츠 판매량
5291	레인부츠 주의점
5292	장화 습기 세균 번식
5293	장화 주의사항
5294	레인부츠 관리
5295	레인부츠 건조
5296	레인부츠 제습제
5297	용과
5298	용과 이름 유래
5299	용과 맛
5300	용과 원산지
5301	용과 재배
5302	용과 효능
5303	용과 종류
5304	용과 고르는 법
5305	우가리트
5306	알파벳
5307	알파벳 페니키아
5308	페니키아 위치
5309	페니키아 후손
5310	영어 세계 공동어 이유
5311	설렁탕
5312	설렁탕 이름 유래
5313	설렁탕 곰탕 차이
5315	설렁탕 소면
5316	설렁탕 먹는법
5317	설렁탕 건강
5318	연말정산
5319	연말정산 근로소득 대상
5320	연말정산 진행 방식
5321	연말정산 소득공제 세액공제
5322	연말정산 소득공제 세액공제 항목
5323	연말정산 간소화 서비스
5324	연말정산 간소화 서비스 누락 자료
5325	연말정산 간소화 서비스 누락 자료 영수증 발급
5326	설탕 대체
5327	당 대체 성분
5328	알룰로스 시럽 칼로리
5329	알룰로스 당뇨
5330	제로 식품 당뇨
5331	대체 감미료 부작용
5332	대체 감미료 부작용
5333	유퀴즈온더블럭
5334	유퀴즈 방송시간
5335	유퀴즈 재정비
5336	텐트 밖은 유럽 연출
5337	텐트 밖은 유럽 출연진
5338	배우 박지환
5339	블랙핑크 타이틀곡 작곡 방식
5340	블랙핑크 앨범 정보
5341	블랙핑크 선주문량
5342	블랙핑크 미국 콘서트 규모
5343	블랙핑크 사전 예약 물량
5345	블랙핑크 앨범 의미
5346	북아일랜드 진영
5347	북아일랜드 분쟁 종식
5348	벨파스트 협정 이전 무력 분쟁
5350	북아일랜드 브렉시트 이후
5351	북아일랜드 연방주의자 불만
5352	브렉시트 합의 영국 조치
5353	북아일랜드 정치 상황
5354	따릉이
5355	따릉이 이량 많은 지역
5356	릉이 연령대
5357	따릉이 이용요금
5358	따릉이 저렴 대체
5359	따릉이 나이별 기종
5360	따릉이 대여
5362	늑대 서식지
5363	늑대
5364	늑대
5365	늑대 무리
5366	늑대 번식
5367	늑대 바람
5368	늑대 하울링
5369	한국 늑대 멸종
5370	카페인 효과 없음
5371	카페인 중독
5372	카페인 적정 섭취량
5373	카페인 과잉 섭취
5374	커피 끊기
5375	카페인 중독 해결법
5376	커피 마시고 낮잠
5377	카페인 효능
5378	영화 승리호
5379	넷플릭스 대단
5381	국내 첫 OTT 개봉 영화
5382	해외 영화제 OTT 개봉작 규정 반응
5383	칸영화제 OTT 영화 배제 이유
5384	영화관 OTT  고객 반응
5385	OTT 서비스 요금 인상
5386	빨래 냄새 원인
5387	모락셀라균 인체 영향
5388	모락셀라균 제
5389	빨래 균애기
5390	빨식초 양
5391	세탁 냄새 해결
5392	여름 옷 관리 방법
5393	마른 빨래 관리 여름철
5395	신용등급 신용점수 불이익
5396	개인신용평가기관별 신용점수
5397	신용점수 높으면 좋은 점
5398	체크카드 신용점수
5400	리볼빙
5401	누적 리볼빙 신용점수 부정
5402	나일론 세탁
5403	나일론
5404	리사이클 나일론
5405	합성섬유
5406	합성섬유
5407	합성섬유 환경 파괴
5408	천연섬유 환경 영향
5409	천연섬유 재배 환경 영향
5411	장병내일준비적금 은행
5412	장병내일준비적금 은행별 금리
5413	장병내일준비적금 기본 금리
5414	장병내일준비적금 가입방법
5415	장병내일준비적금 만기 금액
5416	장병내일준비적금 가입
5417	장병내일준비적금 비대면 은행
5418	장병내일준비적금 비대면 가입
5419	김장 레시피
5420	여름 김장
5421	1인 가구 김치
5422	1인가구 김치냉장고ㅓ
5424	우리나라 골프 시초
5425	골프공 무게 지름
5426	골프 경기 방식
5427	골프 박세리
5428	골프 캐디
5429	골프 복장 에티켓
5430	러닝화 쿠션감
5431	러닝화 힐카운터 쿠션감
5432	러닝화 길이
5433	러닝화 사이즈 확인법
5434	러닝화 발볼
5435	발볼 길이 재는 법
5437	구두 고르는 법 높이
5438	쿠바 샌드위치
5439	쿠바 샌드위치 미국
5440	진짜 쿠바 샌드위치
5441	쿠바 샌드위치 로스트포크밸리
5442	한국 쿠바 샌드위치 가격
5443	모히또 쿠바
5444	떡갈비 쿠바 샌드위치
5446	메를로
5447	카베르네 프랑
5448	피노 누아르 과일향
5449	화이트 와인
5451	샤르도네 청포도
5453	조씨고아 복수의 씨앗
5454	조씨고아 복수의 씨앗 내용
5455	조씨고아 복수의 씨앗 내용
5456	조씨고아 복수의 씨앗 상연 예정
5457	조씨고아 복수의 씨앗 출연진
5458	하성광 배우
5459	이사 폐기물
5460	매트리스 폐기 수수료
5461	폐기물 수거
5463	풍속화
5464	풍속화 특징
5465	조선 풍속화가
5466	김홍도
5467	김홍도 그림 특징
5468	신윤복
5469	신윤복 그림 특징
5471	아시안 게임
5472	아시안 게임 주관
5473	아시안 게임 선수 올림픽 위원회 선발
5474	아시안 게임 역사
5475	극동 선수권 대회
5476	아시안 게임 제 1회 개최국
5477	아시안 게임 대한민국 개최
5478	아시안 게임 병역특례
5479	반려동물 사체 매장
5480	반려동물 사체 처리 방법
5481	장묘시설 합법 업체
5482	장묘시설 불법 업체 문제
5483	장묘시설 합법 업체 확인 방법
5484	동물 장례 업체 비용 서비스
5485	반려동물 죽음 정신적 후유증
5486	펫로스 증후군 위로 방법
5487	보드게임 스플렌더 인기
5488	스플렌더 게임 승리
5489	스플렌더 시작 준비
5490	스플렌더 자신 차례
5491	스플렌더 보석 선택
5492	스플렌더 보석 개발카드 구입
5493	스플렌더 카드 선점
5494	스플렌더 귀족 타일
5495	스플렌더 게임 끝
5496	치매
5497	치매 건망증 증상 차이
5498	치매 초기 증상
5499	치매 유형
5500	치매 치료 방법
5501	치매 치료제 개발 힘든 이유
5502	알콜성 치매
5503	치매 예방 도움
5504	뇌출혈 원인
5505	뇌출혈 골든타임
5506	뇌출혈 뇌경색 차이
5507	뇌졸중 뇌경색 뇌출혈
5508	뇌경색 뇌출혈 사망률
5509	뇌졸중 후유증
5511	뇌졸중 증상
5512	뇌졸중 예방
5513	뇌졸중 좋은 음식
5514	오귀스트 르누아르
5515	르누아르 세잔 화풍 차이
5516	르누아르 부모
5517	르누아르 예술 시작
5518	르누아르 책 읽는 여인
5519	르누아르 물랭 드 라 갈레트의 무도회
5520	르누아르 화풍 변화
5521	르누아르 말년
5522	반려동물 장난감
5523	하이메이트 스마트 펫토이 회사
5524	반려견 가구수
5525	하이메이트 펫토이 작동
5526	하이메이드 스마트 펫토이 불빛
5527	스마트 펫토이 추가 기능
5528	하이메이드 스마트 펫토이 가격
5529	하이메이드 강아지 가전
5530	영화 1987 강동원
5531	영화 1987 김윤석 역할
5532	김윤석 영화 1987 출연 이유
5533	1987 김윤석 평가
5534	영화 1987 수상
5535	영화 1987 스토리
5536	1987 등장 인물 실존 여부
5537	장준환 감독 작품
5538	주택 뜻
5539	우리나라 주택 종류
5540	다가구주택
5541	다가구주택 매매
5542	공동주택 구분 기준
5543	다세대주택 연립주택 규모
5544	공동주택 경계 모호
5545	빌라
5546	설소대 단축증
5547	설소대 단축증 문제
5548	설소대 단축증 치료
5549	설소대 성형술 수치
5550	설소대 수술 나이 시기
5551	발음 설소대 수술
5552	성인 설소대 수술
5553	설소대 수술 요양 급여
5554	강아지 입냄새 원인
5555	강아지 치주질환 원인
5556	강아지 스케일링 비용
5557	강아지 스케일링 전신마취 이유
5558	강아지 마취 사고 가능성
5559	강아지 치석 관리 방법
5560	강아지 양치질 적응
5561	강아지 양치 주기
5562	이사 서비스 분류 추천
5563	이사비용 줄이는 방법
5564	이사 체크리스트
5565	이사 집주인 장기수선 충당금 반환 청구
5566	입주 청소 예약
5567	이사 인터넷 공과금 앱 정산
5568	포장이사 보험 귀중품 따로
5569	무에타이
5570	무에타이 역사
5571	무에타이 복싱 차이
5572	무에타이 올림픽 종목 채택
5573	무에타이 올림픽 종목 채택 가능성
5574	무에타이 태국 인기
5575	무에타이 경기 규칙
5576	한국 무에타이 국가대표 선발전
5577	포도 제철
5578	포도 좋아하는 이유
5581	포도껍질 하얀 가루
5582	포도 하얀 가루 정체
5583	알이 꽉 찬 포도
5584	다이슨
5585	다이슨 한국 매출
5586	다이슨 에어랩 신제품
5587	코안다 효과
5588	다이슨 에어랩 멀티 스타일러 배럴 구성
5589	다이슨 에어랩 멀티스타일러 구매처
5590	다이슨 연구 투자
5591	다이슨 AS
5592	강아지 하울링 이유
5593	강아지 소변 여기저기
5594	강아지 중성화수술 장점
5595	강아지 변 먹는 이유
5596	강아지 항문낭 짜는 법
5597	강아지 귀 청소 주기
5598	강아지 짖는 이유
5599	강아지 땅 파는 이유
5600	장철 빨래
5601	벽지 곰팡이
5602	공기청정 제습기기
5603	세탁기 냄새
5604	세탁기 청소
5605	통돌이 세탁기
5606	생리대 대안
5607	면생리대 단점
5608	생리컵
5609	생리컵 장점
5612	생리컵 주의사항
5613	생리컵 부작용
5614	구피 추천
5615	구피 관상용 인기
5616	애완용 물고기 수족관 선택
5619	아쿠아 스케이프 수조 안 재현
5620	수경 예술작품 감상 카페
5621	기후 위기 원인
5622	지구온난화 피해 전망
5623	기후위기 국가 피해
5624	기후상태 복구
5625	기휘회복성 낮은 지역
5626	선진국 개발 도상국 기후 위기 지원
5627	지구온난화 실천 가능 활동
5628	탄소배출 기업 역할
5630	허리통증 방치
5631	올바른 자세
5633	필라테스 효과
5634	허리에 좋은 맨몸 운동
5635	플랭크 자세
5636	브릿지 운동
5637	구찌 반려 동물
5638	반려동물 명품
5639	프라다 반려견
5641	반려동물 산업 전망
5642	반려동물 산업 비판
5645	대만맛있는 음식 추천
5646	대만 추천 식당
5647	대만 음식 추천
5648	곱창 안들어간 대만 음식
5649	대만 맛있는 음식 추천
5650	대만 음식 추천
5651	대만 길거리 음식 추천
5652	대만 음식 추천
5653	뮤지컬 레베카
5655	레베카 주인공
5656	레베카 흥행
5657	레베카 OST 추천
5658	뮤지컬 넘버 뜻
5659	뮤지컬 가사 수정
5660	뮤지컬 레베카 원작소설 차이
5661	화상
5662	화상 원인별 종류
5663	1도 화상 증상
5664	2도 화상
5665	3도 화상
5666	4도 화상
5667	화상 응급처치
5668	화상 치료
5669	화상 흉터 치료
5671	충치 초기 증상
5672	충치 통증
5673	충치 치료
5674	신경치료
5675	임플란트
5676	임플란트
5677	임플란트 주의사항
5678	반려동물 고양이
5679	고양이 장점
5680	고양이 수명
5681	고양이 병원비
5682	고양이 털 천식 알레르기
5683	고양이 알레르기 원인
5684	고양이 키울때 주의사항
5685	고양이 환경 영향
5686	골프코스 구성
5687	골프 규정타수
5688	골프채 구성
5689	골프 라운드 상식
5690	골프 페널티 구역
5691	골프 퍼팅그린 볼 마크
5692	골프 스코어 계산방법
5693	골프 싱글 타수
5695	부동산 거래신고 법률
5696	부동산 불법 거래 신고 포상금
5697	부동산 금전 거래 없는 허위 신고
5699	부동산 매매금액 중도금
5700	연령별 당뇨
5701	당뇨 원인
5702	당뇨 초기증상
5703	당뇨 예방
5704	당뇨 예방
5705	당뇨 밥
5706	당뇨에 좋은 음식
5707	당뇨 예방법
5708	서울공예박물관
5709	미술관 추천
5710	월남쌈 장점
5711	월남쌈 재료
5712	당뇨 좋은 야채
5713	시금치 케일 당뇨
5714	케일 먹는법
5715	케일 주스 녹즙
5716	케일 식사
5717	케일주스 아침
5718	모기 기피제 효과 시간
5719	모기 기피제 사용 부위
5720	외출 후 모기 기피제 청결
5721	모기기피제 유의사항
5722	모기기피제 주의점
5723	모기기피제 선택 방법
5724	모기향 건강 영향
5725	살충제 안전 수칙
5726	컬링 스톤 무게
5727	컬링 스톤 화강암 스코틀랜드
5728	컬링 하우스 원 크기
5729	컬링 블랭크 엔드
5730	컬링 10엔드
5732	양궁 역사
5733	우리나라 양궁 역사
5734	양궁 이름 뜻
5735	양궁 경기장 표적 조건
5736	양궁 발사 요소
5737	양궁 발사 후 자세
5738	양궁 남녀 거리
5739	양궁 경기 방법
5740	추석 선물 저렴 구매
5741	추석 선물 중고 가격
5742	추석선물 중고 품목
5743	추석선물 중고 포장
5744	명절 선물 중고 거래 유행
5745	명절 음식 준비 절약
5746	1인 명절 선물 추천
5747	추석선물 추천
5748	임신중독증 증상
5749	임신중독증
5750	임신중독증 고혈압
5751	임신중독증 전 세계
5752	임신중독증 문제
5753	임신중독증 심하면 증상
5754	임신중독증 태아 영향
5755	임신중독증 치료
5757	틱톡 영상
5758	숏폼 인기 원인
5759	숏폼 인기 원인
5762	틱톡 참고 이유
5763	뭉크
5764	표현주의
5765	뭉크 절규 의미
5766	뭉크 병든아이
5767	뭉크 마돈나
5768	팜 파탈
5769	뭉크 여성 두려움
5770	뭉크 연인
5771	고슴도치 사람 경계
5772	고슴도치 장점
5773	고슴도치 전용 사료
5774	고슴도치 비만 방지
5775	고슴도치 목욕
5776	고슴도치 배변 준비물
5777	고슴도치 배변 훈련 방법
5778	고슴도치 배변 훈련 주의사항
5779	조지아 위치
5780	조지아 와인
5781	조지아 명 와이너리
5782	조지아 전통 춤 음악
5783	전통춤 음악 레스토랑 조지아
5784	조지아 트빌리시 도시
5785	조지아 높은 산들
5786	바퀴벌레 활동 시기
5787	여름철 바퀴벌레 하수구
5788	바퀴벌레 특징
5789	바퀴벌레 생존력
5790	바퀴벌레 예방
5791	바퀴벌레 유입 방지 방법
5792	바퀴벌레 살충제
5793	바퀴벌레독 먹이
5794	신용점수
5795	신용도 평가 요소
5796	상환이력 신용형태
5797	신용점수 연체관리
5798	신용점수 대출이력
5799	신용점수 체크카드 신용카드
5800	신용점수 현금서비스
5801	신용점수 신용평가 가점제
5802	반려견 산책 필수
5803	한여름 낮 강아지 산책 위험
5804	강아지 여름 산책 신발
5805	여름철 강아지 산책 시간대
5806	강아지 에어컨
5807	강아지 에어컨 온도 바람 설정
5808	보호자 외출 강아지 더울까 걱정
5809	강아지 여름철 털 짧게
5810	엘리베이터 역사
5811	현대식 엘리베이터 역사
5812	한국 최초의 엘리베이터
5813	화폐박물관
5814	세계에서 가장 빠른 엘리베이터
5815	엘리베이터 사고 확률
5816	엘리베이터 추락 점프
5817	4대 보험
5818	국민연금
5819	국민연금 가입자
5820	연금 종류
5821	분할연금 노령연금
5822	국민연금 반환 일시금
5823	국민연금 납입기간
5824	국민연금 임의가입
5825	산세베리아
5826	산세베리아 저온
5827	국화 암모니아 효과
5828	테이블야자
5829	테이블야자
5830	장미 허브
5831	식물 사람 우울감
5832	강아지 사료 주의 사항
5833	강아지 영양제 추천
5834	강아지 목욕 주기
5835	강아지 항문낭 짤 때
5836	강아지 귀청소 주기
5837	강아지 꼬순내 이유
5838	반려견 심장사상충
5839	임신중독증
5840	임신중독증 발생 원인
5841	임신중독증 진단 기준
5842	임신중독증 예방법
5843	임신중독증 대처법
5844	임신중독증 완치
5845	임신중독증 제왕절개
5846	임신중독증 출산 후 관리
5847	이색 반려동물
5848	도마뱀 키울 때 어려운 점
5850	레오파드 게코
5851	레오파드 게코 주의사항
5852	사료 먹는 도마뱀
5853	크레스티드 게코 생김새
5854	크레스티드 게코 수명
5855	복날
5856	복날 한자
5857	복날 유래
5858	복날 보신탕 추세
5859	복날 뜨거운 보양식 외 음식
5860	삼복
5861	안정환 골든골 상대팀
5862	안정환 소속팀 페루자 방출
5863	2002 박지성 히딩크 포르투갈전
5864	월드컵 이후 히딩크 박지성 psv
5865	박지성 프리미어리그 맨유 전성기
5866	박지성 별명 해버지
5867	박지성 은퇴
5868	2002년 월드컵 애니메이션
5869	퍼스 관광지
5870	퍼스 프리맨틀
5871	퍼스 로트네스트 섬
5872	퍼스 피나클스
5873	퍼스 와이너리
5874	퍼스 펭귄
5875	LTE
5876	5G
5877	5G 인기 식음
5878	머신 러닝
5879	머신 러닝 시작
5880	머신 러닝 대표 사례
5881	딥 러닝
5882	머신 러닝 알고리즘
5883	머신러닝 위험성
5884	데이터 마이닝 머신 러닝
5885	한국 머신러닝
5886	임신 28주 태아 특징
5887	임신 28주 엄마 몸 상태
5888	임신 28주 엄마의 증상
5889	임신 혈액형 Rh마이너스 주의사항
5890	아기 혈액형 Rh 양성 추가 접종
5891	임신 28주 태교
5892	임신 중 음식 섭취
5893	아기용품 준비
5894	반려동물 비행기 추이
5895	반려동물 동반 항공사 서비스
5896	비행기 동반 반려동물 수
5897	비행기 동반 반려동물 무게 제한
5898	장애인 보조견 기내 동반
5899	비행기 탑승 불가능 동물
5900	비행기 탑승 불가능 동물
5901	반려동물 비행기 절차
5902	이유식 섭취 거부
5903	이유식 간 원칙
5904	이유식 다른 재료
5905	아기 달걀 시작 시기
5906	아기 달걀 많이
5907	아기 생선 시작 시기
5908	이유식 수유량 비율
5909	이유식 배변 도움
5910	인스타그램 그림 구경
5911	인스타그램 작품 거래
5914	드로잉 작품
5915	판화 구매 가치
5916	사진 구매 방법
5917	핸드볼
5918	핸드볼 유래
5919	핸드볼 독일 강국
5920	한국 여자 핸드볼 올림픽 성적
5921	한국 핸드볼 역사
5922	대한핸드볼협회 프로화
5923	스포츠 프로화 의미
5924	한국 핸드볼 프로화 기대 효과
5925	음악가 리스트
5926	리스트 활동 국가
5927	리스트 작품 종류
5928	리스트 팬층
5929	리스트 대표곡
5930	라 캄파넬라 연습 내용
5931	초절기교
5932	초절기교 연습곡 길이
5933	신라젠
5934	신라젠 거래 정지
5935	신라젠 상장 유지
5936	신라젠 상장 유지 조건
5937	신라젠 기준 가격 결정
5938	신라젠 소액 주주
5939	신라젠 개장 직후 상한가
5940	신라젠 대표
5941	와인잔 두께 추천
5942	와인잔 무게 추천
5943	레드와인용 잔
5944	화이트와인잔 모양
5945	스파클링용 와인잔 모양
5946	디저트 포도주잔
5947	라거 맥주 잔 추천
5948	흑맥주 잔 추천
5949	멀티밤 유행
5950	가히 멀티밤
5951	가히 멀티밤 판매량
5952	가히 멀티밤 효능
5953	가히 멀티밤 성분
5954	타 회사 멀티밤
5955	비건 멀티밤
5956	영화 아마데우스
5957	아마데우스 영화 촬영
5958	아마데우스 OST
5959	모차르트
5960	모차르트 오페라 작곡
5962	오페라 마술피리
5963	모차르트 작품
5964	모차르트 삶
5965	복숭아
5966	복숭아 원산지
5967	무릉도원 복숭아
5968	삼국지 복숭아
5969	복숭아 영양분
5970	복숭아 종류
5971	복숭아 트렌드
5972	복숭아 고르는 법
5973	물놀이 신발
5974	EVA 소재
5975	물놀이 신발 추천
5976	아쿠아슈즈 장점
5978	젤리슈즈 패션
5979	젤리슈즈 장점
